Workbook

Sheet ILTA
A1: KAUPPA | F1: MASSA | K1: PAKASTE | P1: KÄYTTÖTAVARA | T1: 47
A2: Kerättävä määrä | B2: =Q13 -> 1590 | F2: Kerättävä määrä | G2: =Q12 -> 6487 | K2: Kerättävä määrä | L2: =Q14 -> 703 | P2: Kerättävä määrä | Q2: =Q17 -> 161
A3: Keräysteho kpl/h | B3: ='Keräysteho kplh'!B3 -> 74 | F3: Keräysteho kpl/h | G3: ='Keräysteho kplh'!B2 -> 178 | K3: Keräysteho kpl/h | L3: ='Keräysteho kplh'!B4 -> 117 | P3: Keräysteho kpl/h | Q3: ='Keräysteho kplh'!B7 -> 30
A4: Vuoron päättymisaika | B4: HKL | C4: Aikaa jäljellä (h) | D4: keräystunnit jäljellä | F4: Vuoron päättymisaika | G4: HKL | H4: Aikaa jäljellä (h) | I4: keräystunnit jäljellä | K4: Vuoron päättymisaika | L4: HKL | M4: Aikaa jäljellä (h) | N4: keräystunnit jäljellä | P4: Vuoron päättymisaika | R4: Aikaa jäljellä (h) | S4: keräystunnit jäljellä
A5: =TODAY()+TIME(11,0,0) -> 46322.458 | C5: =A5-D13 -> 0.043700231 | D5: =B5*C5 -> 0 | F5: =TODAY()+TIME(11,0,0) -> 46322.458 | G5: 0 | H5: =F5-I13 -> 0.043700231 | I5: =G5*H5 -> 0 | K5: =TODAY()+TIME(11,0,0) -> 46322.458 | L5: 1 | M5: =K5-N13 -> 0.043700231 | N5: =L5*M5 -> 0.043700231 | P5: =S17 -> 46322.526 | Q5: 2 | R5: =P5-L25 -> 0.11180556 | S5: =R5*Q5 -> 0.22361111
A6: =TODAY()+TIME(12,0,0) -> 46322.5 | B6: 7 | C6: =A6-D13 -> 0.085366898 | D6: =B6*C6 -> 0.59756829 | F6: =TODAY()+TIME(12,0,0) -> 46322.5 | G6: 6 | H6: =F6-I13 -> 0.085366898 | I6: =G6*H6 -> 0.51220139 | K6: =TODAY()+TIME(12,0,0) -> 46322.5 | L6: 0 | M6: =K6-N13 -> 0.085366898 | N6: =L6*M6 -> 0 | P6: Kokonaistyötunnit (Jäljellä) | Q6: =S5 -> 0.22361111 | R6: Kerääjät / yht | S6: =Q5 -> 2
A7: =TODAY()+TIME(13,0,0) -> 46322.542 | B7: 1 | C7: =A7-D13 -> 0.12703356 | D7: =B7*C7 -> 0.12703356 | F7: =TODAY()+TIME(13,0,0) -> 46322.542 | G7: 2 | H7: =F7-I13 -> 0.12703356 | I7: =G7*H7 -> 0.25406713 | K7: =TODAY()+TIME(13,0,0) -> 46322.542 | L7: 2 | M7: =K7-N13 -> 0.12703356 | N7: =L7*M7 -> 0.25406713 | P7: Tuotteita / kerääjä | Q7: =Q2/(Q5) -> 80.5
A8: =TODAY()+TIME(14,0,0) -> 46322.583 | B8: 2 | C8: =A8-D13 -> 0.16870023 | D8: =B8*C8 -> 0.33740046 | F8: =TODAY()+TIME(14,0,0) -> 46322.583 | G8: 1 | H8: =F8-I13 -> 0.16870023 | I8: =G8*H8 -> 0.16870023 | K8: =TODAY()+TIME(14,0,0) -> 46322.583 | L8: 0 | M8: =K8-N13 -> 0.16870023 | N8: =L8*M8 -> 0 | P8: Arvioitu kesto (Tunnit) | Q8: =Q2/(Q3*(Q5))/24 -> 0.11180556
A9: =TODAY()+TIME(15,0,0) -> 46322.625 | C9: =A9-D13 -> 0.2103669 | D9: =B9*C9 -> 0 | F9: =TODAY()+TIME(15,0,0) -> 46322.625 | H9: =F9-I13 -> 0.2103669 | I9: =G9*H9 -> 0 | K9: =TODAY()+TIME(15,0,0) -> 46322.625 | L9: 0 | M9: =K9-N13 -> 0.2103669 | N9: =L9*M9 -> 0 | P9: Arvioitu valmistuminen | Q9: =IFERROR(L25+Q8+IF(Q2>=400,TIME(0,24,0),0),"") -> 46322.526
A10: Kokonaistyötunnit (Jäljellä) | B10: =D5+D6+D7+D8+D9 -> 1.0620023 | C10: Kerääjät / yht | D10: =B9+B8+B7+B6+B5 -> 10 | F10: Kokonaistyötunnit (Jäljellä) | G10: =I5+I6+I7+I8+I9 -> 0.93496875 | H10: Kerääjät / yht | I10: =G9+G8+G7+G6+G5 -> 9 | K10: Kokonaistyötunnit (Jäljellä) | L10: =N9+N8+N7+N6+N5 -> 0.29776736 | M10: Kerääjät / yht | N10: =L9+L8+L7+L6+L5 -> 3
A11: Tuotteita / kerääjä | B11: =B2/(B6+B7+B8+B9) -> 159 | F11: Tuotteita / kerääjä | G11: =G2/(G6+G7+G8+G9) -> 720.77778 | K11: Tuotteita / kerääjä | L11: =L2/(L6+L7+L8+L9) -> 351.5 | P11: KERÄTTÄVÄ MÄÄRÄ | R11: ARVIOITU VALMISTUMINEN
A12: Arvioitu kesto (Tunnit) | B12: =B2/(B3*(B6+B7+B8+B9+B5))/24 -> 0.089527027 | F12: Arvioitu kesto (Tunnit) | G12: =G2/(G3*(G6+G7+G8+G9+G5))/24 -> 0.16872139 | K12: Arvioitu kesto (Tunnit) | L12: =L2/(L3*(L6+L7+L8+L9+L5))/24 -> 0.083452042 | P12: MASSA | Q12: 6487 | R12: MASSA | S12: =G13 -> 46322.6
A13: Arvioitu valmistuminen | B13: =IFERROR(D13+B12+IF(B2>=1500,TIME(0,24,0),0),"") -> 46322.521 | C13: Nykyinen aika | D13: =NOW() -> 46322.415 | F13: Arvioitu valmistuminen | G13: =IFERROR(I13+G12+IF(G2>=3000,TIME(0,24,0),0),"") -> 46322.6 | H13: Nykyinen aika | I13: =NOW() -> 46322.415 | K13: Arvioitu valmistuminen | L13: =IFERROR(N13+L12+IF(L2>=400,TIME(0,24,0),0),"") -> 46322.515 | M13: Nykyinen aika | N13: =NOW() -> 46322.415 | P13: KAUPPA | Q13: 1590 | R13: KAUPPA | S13: =B13 -> 46322.521
P14: PAKASTE | Q14: 703 | R14: PAKASTE | S14: =L13 -> 46322.515
A15: LÄMMIN AUTO | F15: KYLMÄ AUTO | K15: Lisätyötarve HH:MM | L15: =N29-N28-(L17/24) -> -0.17154767 | M15: Lisätyötuntikapa | N15: =N16+(L16*L17) -> 15637.608 | P15: LÄMMIN AUTO | Q15: 3471 | R15: LÄMMIN AUTO | S15: =B27 -> 46322.525 | AB15: =IFERROR(((N17-N16)/L16)/24,0)+IF(AA26<0,-AA26,0) -> 0.35775488
A16: Kerättävä määrä | B16: =Q15 -> 3471 | F16: Kerättävä määrä | G16: =Q16 -> 2543 | K16: Keräysteho kpl/h ET | L16: =(G3*G10+B3*B10+L3*L10+B17*B24+G17*G24)/ (G10+B10+L10+B24+G24) -> 204.90133 | M16: Keräyskapa | N16: =L16*N28*24 -> 15637.608 | P16: KYLMÄ AUTO | Q16: 2543 | R16: KYLMÄ AUTO | S16: =G27 -> 46322.547
A17: Keräysteho kpl/h | B17: ='Keräysteho kplh'!B5 -> 438 | F17: Keräysteho kpl/h | G17: ='Keräysteho kplh'!B6 -> 400 | K17: Lisätunnit | L17: 0 | M17: Kerättävä määrä ET | N17: =G2+B2+L2+B16+G16 -> 14794 | P17: KÄYTTÖTAVARA | Q17: 161 | R17: KÄYTTÖTAVARA | S17: =Q9 -> 46322.526
A18: Vuoron päättymisaika | B18: HKL | C18: Aikaa jäljellä (h) | D18: keräystunnit jäljellä | F18: Vuoron päättymisaika | G18: HKL | H18: Aikaa jäljellä (h) | I18: keräystunnit jäljellä | K18: Kahvitauot HH:MM | L18: =L26*24/1440 -> 0.45 | M18: Kerättävä määrä ET + KT | N18: =G2+B2+L2+Q2+B16+G16 -> 14955 | P18: KOKONAIS | Q18: =Q12+Q13+Q14+Q15+Q16+Q17 -> 14955 | R18: KOKONAIS | S18: =L28 -> 46322.6
A19: =TODAY()+TIME(11,0,0) -> 46322.458 | B19: 0 | C19: =A19-D27 -> 0.043700231 | D19: =B19*C19 -> 0 | F19: =TODAY()+TIME(11,0,0) -> 46322.458 | G19: 0 | H19: =F19-I27 -> 0.043700231 | I19: =G19*H19 -> 0 | K19: Vuoron päättymisaika | L19: HKL ET | M19: Keräysteho kpl/h ET + KT | N19: =(G3*G10+B3*B10+L3*L10+Q3*Q6+B17*B24+G17*G24)/ (G10+B10+L10+Q6+B24+G24) -> 193.41031
A20: =TODAY()+TIME(12,0,0) -> 46322.5 | B20: 0 | C20: =A20-D27 -> 0.085366898 | D20: =B20*C20 -> 0 | F20: =TODAY()+TIME(12,0,0) -> 46322.5 | G20: 0 | H20: =F20-I27 -> 0.085366898 | I20: =G20*H20 -> 0 | K20: =TODAY()+TIME(11,0,0) -> 46322.458 | L20: =G19+B19+G5+B5+L5 -> 1 | M20: =K20-L25 -> 0.043700231 | N20: =L20*M20 -> 0.043700231 | P20: LAATIKOITA JÄLJELLÄ | R20: KIERROKSIA JÄLJELLÄ
A21: =TODAY()+TIME(13,0,0) -> 46322.542 | B21: 1 | C21: =A21-D27 -> 0.12703356 | D21: =B21*C21 -> 0.12703356 | F21: =TODAY()+TIME(13,0,0) -> 46322.542 | G21: 0 | H21: =F21-I27 -> 0.12703356 | I21: =G21*H21 -> 0 | K21: =TODAY()+TIME(12,0,0) -> 46322.5 | L21: =G20+B20+G6+B6+L6 -> 13 | M21: =K21-L25 -> 0.085366898 | N21: =L21*M21 -> 1.1097697 | P21: XL MASSA | R21: KIERROKSIA | S21: =Q21/25 -> 0
A22: =TODAY()+TIME(14,0,0) -> 46322.583 | B22: 2 | C22: =A22-D27 -> 0.16870023 | D22: =B22*C22 -> 0.33740046 | F22: =TODAY()+TIME(14,0,0) -> 46322.583 | G22: 0 | H22: =F22-I27 -> 0.16870023 | I22: =G22*H22 -> 0 | K22: =TODAY()+TIME(13,0,0) -> 46322.542 | L22: =G21+B21+G7+B7+L7 -> 6 | M22: =K22-L25 -> 0.12703356 | N22: =L22*M22 -> 0.76220139 | P22: MASSA | R22: KIERROKSIA | S22: =B32 -> 0
A23: =TODAY()+TIME(15,0,0) -> 46322.625 | B23: 0 | C23: =A23-D27 -> 0.2103669 | D23: =B23*C23 -> 0 | F23: =TODAY()+TIME(15,0,0) -> 46322.625 | G23: 2 | H23: =F23-I27 -> 0.2103669 | I23: =G23*H23 -> 0.4207338 | K23: =TODAY()+TIME(14,0,0) -> 46322.583 | L23: =G22+B22+G8+B8+L8 -> 5 | M23: =K23-L25 -> 0.16870023 | N23: =L23*M23 -> 0.84350116 | P23: KAUPPA | R23: KIERROKSIA | S23: =G32 -> 0
A24: Kokonaistyötunnit (Jäljellä) | B24: =D23+D22+D21+D20+D19 -> 0.46443403 | C24: Kerääjät / yht | D24: =B23+B22+B21+B20+B19 -> 3 | F24: Kokonaistyötunnit (Jäljellä) | G24: =I23+I22+I21+I20+I19 -> 0.4207338 | H24: Kerääjät / yht | I24: =G23+G22+G21+G20+G19 -> 2 | K24: =TODAY()+TIME(15,0,0) -> 46322.625 | L24: =G23+B23+G9+B9+L9 -> 2 | M24: =K24-L25 -> 0.2103669 | N24: =L24*M24 -> 0.4207338 | P24: PAKASTE | R24: PSS | S24: -
A25: Tuotteita / kerääjä | B25: =B16/(B20+B21+B22+B23) -> 1157 | F25: Tuotteita / kerääjä | G25: =G16/(G20+G21+G22+G23) -> 1271.5 | K25: Nykyinen aika | L25: =NOW() -> 46322.415 | M25: Ylim. Työaika | N25: =IF(AA25<0,"-","")&INT(ROUND(ABS(AA25)*1440,0)/60)&":"&TEXT(MOD(ROUND(ABS(AA25)*1440,0),60),"00") -> -1:54 | P25: LÄMMIN AUTO | R25: RULLAKOITA | S25: =B38 -> 0 | AA25: =N28-IFERROR((G2/G3+B2/B3+L2/L3+B16/B17+G16/G17)/24,0)+L17/24 -> -0.079302552
A26: Arvioitu kesto (Tunnit) | B26: =B16/(B17*(B20+B21+B22+B23+B19))/24 -> 0.11006469 | F26: Arvioitu kesto (Tunnit) | G26: =G16/(G17*(G20+G21+G22+G23+G19))/24 -> 0.13244792 | K26: Kerääjät / yht | L26: =L24+L23+L22+L21+L20 -> 27 | M26: Ylim. Työaika - tauko | N26: =IF(AA26<0,"-","")&INT(ROUND(ABS(AA26)*1440,0)/60)&":"&TEXT(MOD(ROUND(ABS(AA26)*1440,0),60),"00") -> -12:42 | P26: KYLMÄ AUTO | R26: RULLAKOITA | S26: =G38 -> 0 | AA26: =AA25-L18 -> -0.52930255
A27: Arvioitu valmistuminen | B27: =IFERROR(D27+B26+IF(B16>=5000,TIME(0,24,0),0),"") -> 46322.525 | C27: Nykyinen aika | D27: =NOW() -> 46322.415 | F27: Arvioitu valmistuminen | G27: =IFERROR(I27+G26+IF(G16>=5000,TIME(0,24,0),0),"") -> 46322.547 | H27: Nykyinen aika | I27: =NOW() -> 46322.415 | K27: Tuotteita / kerääjä | L27: =N17/(L21+L22+L23+L24) -> 569 | M27: Ylim. Työaika - keskiarvo | N27: =ABS(AA26+AA25)/2 -> 0.30430255 | P27: KÄYTTÖTAVARA | R27: KIERROKSIA | S27: =L39 -> 0
K28: Arvioitu valmistuminen | L28: =MAX(IFERROR(B27*1,0),IFERROR(G27*1,0),IFERROR(L13*1,0),IFERROR(B13*1,0),IFERROR(G13*1,0),IFERROR(Q9*1,0)) -> 46322.6 | M28: Kokonaistyötunnit (Jäljellä) | N28: =N21+N22+N23+N24+N20 -> 3.1799063 | P28: KOKONAIS | Q28: =B31+D31+L34+L38+D37+B37 -> 0 | R28: KOKONAIS | S28: =S27+S26+S25+S23+S22+S21 -> 0
A29: MASSA | F29: KAUPPA | K29: Arvioitu valm. + tauko | L29: =L28+(L18/24) -> 46322.619 | M29: Tarvittavat työtunnit | N29: =N17/L16/24 -> 3.0083586 | P29: ~ Per kerääjä | Q29: =Q28/L26 -> 0 | R29: ~ Per kerääjä | S29: =S28/L26 -> 0
A30: Tuotteita | B30: =G2 -> 6487 | C30: Kerääjät / yht | D30: =I10 -> 9 | F30: Tuotteita | G30: =B2 -> 1590 | H30: Kerääjät / yht | I30: =D10 -> 10 | K30: Arvioitu valm. keskiarvo | L30: =AVERAGE(L28,L29) -> 46322.609 | M30: Arvioitu kesto HH:MM | N30: =MAX(IFERROR(B26*1,0),IFERROR(G26*1,0),IFERROR(L12*1,0),IFERROR(B12*1,0),IFERROR(G12*1,0),IFERROR(Q8*1,0)) -> 0.16872139
A31: Laatikoita | B31: =Q22 -> 0 | F31: Laatikoita | G31: =Q23 -> 0 | P31: RULLAKOITA / LAATIKOITA | R31: PER KERÄÄJÄ
A32: Kierroksia | B32: =B31/9 -> 0 | F32: Kierroksia | G32: =G31/9 -> 0 | K32: PAKASTE | P32: MASSA | R32: KIERROKSIA | S32: =S22/I10 -> 0
A33: Kierroksia/kerääjä | B33: =B32/I10 -> 0 | F33: Kierroksia/kerääjä | G33: =G32/D10 -> 0 | K33: Tuotteita | L33: =L2 -> 703 | M33: Kerääjät / yht | N33: =N10 -> 3 | P33: KAUPPA | R33: KIERROKSIA | S33: =S23/D10 -> 0
K34: Pss/laatikoita | L34: =Q24 -> 0 | M34: ~ Per kerääjä | N34: =L34/N10 -> 0 | P34: PAKASTE | R34: ~ PER KERÄÄJÄ | S34: =N34 -> 0
A35: LÄMMIN AUTO | F35: KYLMÄ AUTO | P35: LÄMMIN AUTO | R35: RULLAKOITA | S35: =S25/D24 -> 0
A36: Tuotteita | B36: =B16 -> 3471 | C36: Kerääjät / yht | D36: =D16 -> 0 | F36: Tuotteita | G36: =G16 -> 2543 | H36: Kerääjät / yht | I36: =I16 -> 0 | K36: KÄYTTÖTAVARA | P36: KYLMÄ AUTO | R36: RULLAKOITA | S36: =S26/I24 -> 0
A37: Laatikoita | B37: =Q25 -> 0 | F37: Laatikoita | G37: =Q26 -> 0 | K37: Tuotteita | L37: =Q2 -> 161 | M37: Kerääjät / yht | N37: =S6 -> 2 | P37: KÄYTTÖTAVARA | R37: KIERROKSIA | S37: =S27/S6 -> 0
A38: Rullakoita | B38: =B37/10 -> 0 | F38: Rullakoita | G38: =G37/10 -> 0 | K38: Laatikoita | L38: =Q27 -> 0 | P38: =NOW() -> 46322.415 | Q38: ↻ | R38: =I27 -> 46322.415
A39: Rullakoita/kerääjä | B39: =B38/D24 -> 0 | F39: Rullakoita/kerääjä | G39: =G38/I24 -> 0 | K39: Kierroksia | L39: =L38/16 -> 0 | M39: Kierroksia/kerääjä | N39: =L39/N37 -> 0
P47: Nykyinen aika
Q65: 4

Sheet AAMU
A1: KAUPPA | F1: MASSA | K1: PAKASTE | P1: KÄYTTÖTAVARA | T1: 47
A2: Kerättävä määrä | B2: =Q13 -> 0 | F2: Kerättävä määrä | G2: =Q12 -> 0 | K2: Kerättävä määrä | L2: =Q14 -> 0 | P2: Kerättävä määrä | Q2: =Q17 -> 0
A3: Keräysteho kpl/h | B3: ='Keräysteho kplh'!B3 -> 74 | F3: Keräysteho kpl/h | G3: ='Keräysteho kplh'!B2 -> 178 | K3: Keräysteho kpl/h | L3: ='Keräysteho kplh'!B4 -> 117 | P3: Keräysteho kpl/h | Q3: ='Keräysteho kplh'!B7 -> 30
A4: Vuoron päättymisaika | B4: HKL | C4: Aikaa jäljellä (h) | D4: keräystunnit jäljellä | F4: Vuoron päättymisaika | G4: HKL | H4: Aikaa jäljellä (h) | I4: keräystunnit jäljellä | K4: Vuoron päättymisaika | L4: HKL | M4: Aikaa jäljellä (h) | N4: keräystunnit jäljellä | P4: Vuoron päättymisaika | R4: Aikaa jäljellä (h) | S4: keräystunnit jäljellä
A5: =TODAY()+TIME(11,0,0) -> 46322.458 | C5: =A5-D13 -> 0.043700231 | D5: =B5*C5 -> 0 | F5: =TODAY()+TIME(11,0,0) -> 46322.458 | H5: =F5-I13 -> 0.043700231 | I5: =G5*H5 -> 0 | K5: =TODAY()+TIME(11,0,0) -> 46322.458 | M5: =K5-N13 -> 0.043700231 | N5: =L5*M5 -> 0 | P5: =S17 | R5: =P5-L25 -> #VALUE! | S5: =R5*Q5 -> #VALUE!
A6: =TODAY()+TIME(12,0,0) -> 46322.5 | C6: =A6-D13 -> 0.085366898 | D6: =B6*C6 -> 0 | F6: =TODAY()+TIME(12,0,0) -> 46322.5 | H6: =F6-I13 -> 0.085366898 | I6: =G6*H6 -> 0 | K6: =TODAY()+TIME(12,0,0) -> 46322.5 | M6: =K6-N13 -> 0.085366898 | N6: =L6*M6 -> 0 | P6: Kokonaistyötunnit (Jäljellä) | Q6: =S5 -> #VALUE! | R6: Kerääjät / yht | S6: =Q5 -> 0
A7: =TODAY()+TIME(13,0,0) -> 46322.542 | C7: =A7-D13 -> 0.12703356 | D7: =B7*C7 -> 0 | F7: =TODAY()+TIME(13,0,0) -> 46322.542 | H7: =F7-I13 -> 0.12703356 | I7: =G7*H7 -> 0 | K7: =TODAY()+TIME(13,0,0) -> 46322.542 | M7: =K7-N13 -> 0.12703356 | N7: =L7*M7 -> 0 | P7: Tuotteita / kerääjä | Q7: =Q2/(Q5) -> #DIV/0!
A8: =TODAY()+TIME(14,0,0) -> 46322.583 | C8: =A8-D13 -> 0.16870023 | D8: =B8*C8 -> 0 | F8: =TODAY()+TIME(14,0,0) -> 46322.583 | H8: =F8-I13 -> 0.16870023 | I8: =G8*H8 -> 0 | K8: =TODAY()+TIME(14,0,0) -> 46322.583 | M8: =K8-N13 -> 0.16870023 | N8: =L8*M8 -> 0 | P8: Arvioitu kesto (Tunnit) | Q8: =Q2/(Q3*(Q5))/24 -> #DIV/0!
A9: =TODAY()+TIME(15,0,0) -> 46322.625 | C9: =A9-D13 -> 0.2103669 | D9: =B9*C9 -> 0 | F9: =TODAY()+TIME(15,0,0) -> 46322.625 | H9: =F9-I13 -> 0.2103669 | I9: =G9*H9 -> 0 | K9: =TODAY()+TIME(15,0,0) -> 46322.625 | M9: =K9-N13 -> 0.2103669 | N9: =L9*M9 -> 0 | P9: Arvioitu valmistuminen | Q9: =IFERROR(L25+Q8+IF(Q2>=400,TIME(0,24,0),0),"")
A10: Kokonaistyötunnit (Jäljellä) | B10: =D5+D6+D7+D8+D9 -> 0 | C10: Kerääjät / yht | D10: =B9+B8+B7+B6+B5 -> 0 | F10: Kokonaistyötunnit (Jäljellä) | G10: =I5+I6+I7+I8+I9 -> 0 | H10: Kerääjät / yht | I10: =G9+G8+G7+G6+G5 -> 0 | K10: Kokonaistyötunnit (Jäljellä) | L10: =N9+N8+N7+N6+N5 -> 0 | M10: Kerääjät / yht | N10: =L9+L8+L7+L6+L5 -> 0
A11: Tuotteita / kerääjä | B11: =B2/(B6+B7+B8+B9) -> #DIV/0! | F11: Tuotteita / kerääjä | G11: =G2/(G6+G7+G8+G9) -> #DIV/0! | K11: Tuotteita / kerääjä | L11: =L2/(L6+L7+L8+L9) -> #DIV/0! | P11: KERÄTTÄVÄ MÄÄRÄ | R11: ARVIOITU VALMISTUMINEN
A12: Arvioitu kesto (Tunnit) | B12: =B2/(B3*(B6+B7+B8+B9+B5))/24 -> #DIV/0! | F12: Arvioitu kesto (Tunnit) | G12: =G2/(G3*(G6+G7+G8+G9+G5))/24 -> #DIV/0! | K12: Arvioitu kesto (Tunnit) | L12: =L2/(L3*(L6+L7+L8+L9+L5))/24 -> #DIV/0! | P12: MASSA | R12: MASSA | S12: =G13
A13: Arvioitu valmistuminen | B13: =IFERROR(D13+B12+IF(B2>=1500,TIME(0,24,0),0),"") | C13: Nykyinen aika | D13: =NOW() -> 46322.415 | F13: Arvioitu valmistuminen | G13: =IFERROR(I13+G12+IF(G2>=3000,TIME(0,24,0),0),"") | H13: Nykyinen aika | I13: =NOW() -> 46322.415 | K13: Arvioitu valmistuminen | L13: =IFERROR(N13+L12+IF(L2>=400,TIME(0,24,0),0),"") | M13: Nykyinen aika | N13: =NOW() -> 46322.415 | P13: KAUPPA | R13: KAUPPA | S13: =B13
P14: PAKASTE | R14: PAKASTE | S14: =L13
A15: LÄMMIN AUTO | F15: KYLMÄ AUTO | K15: Lisätyötarve HH:MM | L15: =N29-N28-(L17/24) -> #DIV/0! | M15: Lisätyötuntikapa | N15: =N16+(L16*L17) -> #DIV/0! | P15: LÄMMIN AUTO | R15: LÄMMIN AUTO | S15: =B27 | AB15: =IFERROR(((N17-N16)/L16)/24,0)+IF(AA26<0,-AA26,0) -> 0
A16: Kerättävä määrä | B16: =Q15 -> 0 | F16: Kerättävä määrä | G16: =Q16 -> 0 | K16: Keräysteho kpl/h ET | L16: =(G3*G10+B3*B10+L3*L10+B17*B24+G17*G24)/ (G10+B10+L10+B24+G24) -> #DIV/0! | M16: Keräyskapa | N16: =L16*N28*24 -> #DIV/0! | P16: KYLMÄ AUTO | R16: KYLMÄ AUTO | S16: =G27
A17: Keräysteho kpl/h | B17: ='Keräysteho kplh'!B5 -> 438 | F17: Keräysteho kpl/h | G17: ='Keräysteho kplh'!B6 -> 400 | K17: Lisätunnit | L17: 0 | M17: Kerättävä määrä ET | N17: =G2+B2+L2+B16+G16 -> 0 | P17: KÄYTTÖTAVARA | R17: KÄYTTÖTAVARA | S17: =Q9
A18: Vuoron päättymisaika | B18: HKL | C18: Aikaa jäljellä (h) | D18: keräystunnit jäljellä | F18: Vuoron päättymisaika | G18: HKL | H18: Aikaa jäljellä (h) | I18: keräystunnit jäljellä | K18: Kahvitauot HH:MM | L18: =L26*24/1440 -> 0 | M18: Kerättävä määrä ET + KT | N18: =G2+B2+L2+Q2+B16+G16 -> 0 | P18: KOKONAIS | Q18: =Q12+Q13+Q14+Q15+Q16+Q17 -> 0 | R18: KOKONAIS | S18: =L28 -> 0
A19: =TODAY()+TIME(11,0,0) -> 46322.458 | C19: =A19-D27 -> 0.043700231 | D19: =B19*C19 -> 0 | F19: =TODAY()+TIME(11,0,0) -> 46322.458 | H19: =F19-I27 -> 0.043700231 | I19: =G19*H19 -> 0 | K19: Vuoron päättymisaika | L19: HKL ET | M19: Keräysteho kpl/h ET + KT | N19: =(G3*G10+B3*B10+L3*L10+Q3*Q6+B17*B24+G17*G24)/ (G10+B10+L10+Q6+B24+G24) -> #VALUE!
A20: =TODAY()+TIME(12,0,0) -> 46322.5 | C20: =A20-D27 -> 0.085366898 | D20: =B20*C20 -> 0 | F20: =TODAY()+TIME(12,0,0) -> 46322.5 | H20: =F20-I27 -> 0.085366898 | I20: =G20*H20 -> 0 | K20: =TODAY()+TIME(11,0,0) -> 46322.458 | L20: =G19+B19+G5+B5+L5 -> 0 | M20: =K20-L25 -> 0.043700231 | N20: =L20*M20 -> 0 | P20: LAATIKOITA JÄLJELLÄ | R20: KIERROKSIA JÄLJELLÄ
A21: =TODAY()+TIME(13,0,0) -> 46322.542 | C21: =A21-D27 -> 0.12703356 | D21: =B21*C21 -> 0 | F21: =TODAY()+TIME(13,0,0) -> 46322.542 | H21: =F21-I27 -> 0.12703356 | I21: =G21*H21 -> 0 | K21: =TODAY()+TIME(12,0,0) -> 46322.5 | L21: =G20+B20+G6+B6+L6 -> 0 | M21: =K21-L25 -> 0.085366898 | N21: =L21*M21 -> 0 | P21: XL MASSA | R21: KIERROKSIA | S21: =Q21/25 -> 0
A22: =TODAY()+TIME(14,0,0) -> 46322.583 | C22: =A22-D27 -> 0.16870023 | D22: =B22*C22 -> 0 | F22: =TODAY()+TIME(14,0,0) -> 46322.583 | H22: =F22-I27 -> 0.16870023 | I22: =G22*H22 -> 0 | K22: =TODAY()+TIME(13,0,0) -> 46322.542 | L22: =G21+B21+G7+B7+L7 -> 0 | M22: =K22-L25 -> 0.12703356 | N22: =L22*M22 -> 0 | P22: MASSA | R22: KIERROKSIA | S22: =B32 -> 0
A23: =TODAY()+TIME(15,0,0) -> 46322.625 | C23: =A23-D27 -> 0.2103669 | D23: =B23*C23 -> 0 | F23: =TODAY()+TIME(15,0,0) -> 46322.625 | H23: =F23-I27 -> 0.2103669 | I23: =G23*H23 -> 0 | K23: =TODAY()+TIME(14,0,0) -> 46322.583 | L23: =G22+B22+G8+B8+L8 -> 0 | M23: =K23-L25 -> 0.16870023 | N23: =L23*M23 -> 0 | P23: KAUPPA | R23: KIERROKSIA | S23: =G32 -> 0
A24: Kokonaistyötunnit (Jäljellä) | B24: =D23+D22+D21+D20+D19 -> 0 | C24: Kerääjät / yht | D24: =B23+B22+B21+B20+B19 -> 0 | F24: Kokonaistyötunnit (Jäljellä) | G24: =I23+I22+I21+I20+I19 -> 0 | H24: Kerääjät / yht | I24: =G23+G22+G21+G20+G19 -> 0 | K24: =TODAY()+TIME(15,0,0) -> 46322.625 | L24: =G23+B23+G9+B9+L9 -> 0 | M24: =K24-L25 -> 0.2103669 | N24: =L24*M24 -> 0 | P24: PAKASTE | R24: PSS | S24: -
A25: Tuotteita / kerääjä | B25: =B16/(B20+B21+B22+B23) -> #DIV/0! | F25: Tuotteita / kerääjä | G25: =G16/(G20+G21+G22+G23) -> #DIV/0! | K25: Nykyinen aika | L25: =NOW() -> 46322.415 | M25: Ylim. Työaika | N25: =IF(AA25<0,"-","")&INT(ROUND(ABS(AA25)*1440,0)/60)&":"&TEXT(MOD(ROUND(ABS(AA25)*1440,0),60),"00") -> 0:00 | P25: LÄMMIN AUTO | R25: RULLAKOITA | S25: =B38 -> 0 | AA25: =N28-IFERROR((G2/G3+B2/B3+L2/L3+B16/B17+G16/G17)/24,0)+L17/24 -> 0
A26: Arvioitu kesto (Tunnit) | B26: =B16/(B17*(B20+B21+B22+B23+B19))/24 -> #DIV/0! | F26: Arvioitu kesto (Tunnit) | G26: =G16/(G17*(G20+G21+G22+G23+G19))/24 -> #DIV/0! | K26: Kerääjät / yht | L26: =L24+L23+L22+L21+L20 -> 0 | M26: Ylim. Työaika - tauko | N26: =IF(AA26<0,"-","")&INT(ROUND(ABS(AA26)*1440,0)/60)&":"&TEXT(MOD(ROUND(ABS(AA26)*1440,0),60),"00") -> 0:00 | P26: KYLMÄ AUTO | R26: RULLAKOITA | S26: =G38 -> 0 | AA26: =AA25-L18 -> 0
A27: Arvioitu valmistuminen | B27: =IFERROR(D27+B26+IF(B16>=5000,TIME(0,24,0),0),"") | C27: Nykyinen aika | D27: =NOW() -> 46322.415 | F27: Arvioitu valmistuminen | G27: =IFERROR(I27+G26+IF(G16>=5000,TIME(0,24,0),0),"") | H27: Nykyinen aika | I27: =NOW() -> 46322.415 | K27: Tuotteita / kerääjä | L27: =N17/(L21+L22+L23+L24) -> #DIV/0! | M27: Ylim. Työaika - keskiarvo | N27: =ABS(AA26+AA25)/2 -> 0 | P27: KÄYTTÖTAVARA | R27: KIERROKSIA | S27: =L39 -> 0
K28: Arvioitu valmistuminen | L28: =MAX(IFERROR(B27*1,0),IFERROR(G27*1,0),IFERROR(L13*1,0),IFERROR(B13*1,0),IFERROR(G13*1,0),IFERROR(Q9*1,0)) -> 0 | M28: Kokonaistyötunnit (Jäljellä) | N28: =N21+N22+N23+N24+N20 -> 0 | P28: KOKONAIS | Q28: =B31+D31+L34+L38+D37+B37 -> 0 | R28: KOKONAIS | S28: =S27+S26+S25+S23+S22+S21 -> 0
A29: MASSA | F29: KAUPPA | K29: Arvioitu valm. + tauko | L29: =L28+(L18/24) -> 0 | M29: Tarvittavat työtunnit | N29: =N17/L16/24 -> #DIV/0! | P29: ~ Per kerääjä | Q29: =Q28/L26 -> #DIV/0! | R29: ~ Per kerääjä | S29: =S28/L26 -> #DIV/0!
A30: Tuotteita | B30: =G2 -> 0 | C30: Kerääjät / yht | D30: =I10 -> 0 | F30: Tuotteita | G30: =B2 -> 0 | H30: Kerääjät / yht | I30: =D10 -> 0 | K30: Arvioitu valm. keskiarvo | L30: =AVERAGE(L28,L29) -> 0 | M30: Arvioitu kesto HH:MM | N30: =MAX(IFERROR(B26*1,0),IFERROR(G26*1,0),IFERROR(L12*1,0),IFERROR(B12*1,0),IFERROR(G12*1,0),IFERROR(Q8*1,0)) -> 0
A31: Laatikoita | B31: =Q22 -> 0 | F31: Laatikoita | G31: =Q23 -> 0 | P31: RULLAKOITA / LAATIKOITA | R31: PER KERÄÄJÄ
A32: Kierroksia | B32: =B31/9 -> 0 | F32: Kierroksia | G32: =G31/9 -> 0 | K32: PAKASTE | P32: MASSA | R32: KIERROKSIA | S32: =S22/I10 -> #DIV/0!
A33: Kierroksia/kerääjä | B33: =B32/I10 -> #DIV/0! | F33: Kierroksia/kerääjä | G33: =G32/D10 -> #DIV/0! | K33: Tuotteita | L33: =L2 -> 0 | M33: Kerääjät / yht | N33: =N10 -> 0 | P33: KAUPPA | R33: KIERROKSIA | S33: =S23/D10 -> #DIV/0!
K34: Pss/laatikoita | L34: =Q24 -> 0 | M34: ~ Per kerääjä | N34: =L34/N10 -> #DIV/0! | P34: PAKASTE | R34: ~ PER KERÄÄJÄ | S34: =N34 -> #DIV/0!
A35: LÄMMIN AUTO | F35: KYLMÄ AUTO | P35: LÄMMIN AUTO | R35: RULLAKOITA | S35: =S25/D24 -> #DIV/0!
A36: Tuotteita | B36: =B16 -> 0 | C36: Kerääjät / yht | D36: =D16 -> 0 | F36: Tuotteita | G36: =G16 -> 0 | H36: Kerääjät / yht | I36: =I16 -> 0 | K36: KÄYTTÖTAVARA | P36: KYLMÄ AUTO | R36: RULLAKOITA | S36: =S26/I24 -> #DIV/0!
A37: Laatikoita | B37: =Q25 -> 0 | F37: Laatikoita | G37: =Q26 -> 0 | K37: Tuotteita | L37: =Q2 -> 0 | M37: Kerääjät / yht | N37: =S6 -> 0 | P37: KÄYTTÖTAVARA | R37: KIERROKSIA | S37: =S27/S6 -> #DIV/0!
A38: Rullakoita | B38: =B37/10 -> 0 | F38: Rullakoita | G38: =G37/10 -> 0 | K38: Laatikoita | L38: =Q27 -> 0 | P38: =NOW() -> 46322.415 | Q38: ↻ | R38: =I27 -> 46322.415
A39: Rullakoita/kerääjä | B39: =B38/D24 -> #DIV/0! | F39: Rullakoita/kerääjä | G39: =G38/I24 -> #DIV/0! | K39: Kierroksia | L39: =L38/16 -> 0 | M39: Kierroksia/kerääjä | N39: =L39/N37 -> #DIV/0!
P47: Nykyinen aika
Q65: 4

Sheet Alkuperäinen
A1: MASSA | F1: KAUPPA | K1: PAKASTE | P1: KÄYTTÖTAVARA
A2: Kerättävä määrä | B2: =Q19 -> 5065 | F2: Kerättävä määrä | G2: =Q20 -> 997 | K2: Kerättävä määrä | L2: =Q21 -> 440 | P2: Kerättävä määrä | Q2: =Q24 -> 0
A3: Keräysteho kpl/h | B3: ='Keräysteho kplh'!B2 -> 178 | F3: Keräysteho kpl/h | G3: ='Keräysteho kplh'!B3 -> 74 | K3: Keräysteho kpl/h | L3: ='Keräysteho kplh'!B4 -> 117 | P3: Keräysteho kpl/h | Q3: ='Keräysteho kplh'!B7 -> 30
A5: Vuoron päättymisaika | C5: Aikaa jäljellä (h) | D5: keräystunnit jäljellä | F5: Vuoron päättymisaika | H5: Aikaa jäljellä (h) | I5: keräystunnit jäljellä | K5: Vuoron päättymisaika | M5: Aikaa jäljellä (h) | N5: keräystunnit jäljellä | P5: Vuoron päättymisaika | R5: Aikaa jäljellä (h) | S5: keräystunnit jäljellä
A6: =TODAY()+TIME(12,0,0) -> 46322.5 | B6: 1 | C6: =A6-B11 -> 0.085366898 | D6: =B6*C6 -> 0.085366898 | F6: =TODAY()+TIME(12,0,0) -> 46322.5 | G6: 3 | H6: =F6-G11 -> 0.085366898 | I6: =G6*H6 -> 0.25610069 | K6: =TODAY()+TIME(12,0,0) -> 46322.5 | L6: 0 | M6: =K6-L11 -> 0.085366898 | N6: =L6*M6 -> 0 | P6: =TODAY()+TIME(12,0,0) -> 46322.5 | Q6: 2 | R6: =P6-Q11 -> 0.085366898 | S6: =Q6*R6 -> 0.1707338
A7: =TODAY()+TIME(13,0,0) -> 46322.542 | B7: 6 | C7: =A7-B11 -> 0.12703356 | D7: =B7*C7 -> 0.76220139 | F7: =TODAY()+TIME(13,0,0) -> 46322.542 | G7: 8 | H7: =F7-G11 -> 0.12703356 | I7: =G7*H7 -> 1.0162685 | K7: =TODAY()+TIME(13,0,0) -> 46322.542 | L7: 3 | M7: =K7-L11 -> 0.12703356 | N7: =L7*M7 -> 0.38110069 | P7: =TODAY()+TIME(13,0,0) -> 46322.542 | Q7: 0 | R7: =P7-Q11 -> 0.12703356 | S7: =Q7*R7 -> 0
A8: =TODAY()+TIME(14,0,0) -> 46322.583 | B8: 0 | C8: =A8-B11 -> 0.16870023 | D8: =B8*C8 -> 0 | F8: =TODAY()+TIME(14,0,0) -> 46322.583 | G8: 1 | H8: =F8-G11 -> 0.16870023 | I8: =G8*H8 -> 0.16870023 | K8: =TODAY()+TIME(14,0,0) -> 46322.583 | L8: 0 | M8: =K8-L11 -> 0.16870023 | N8: =L8*M8 -> 0 | P8: =TODAY()+TIME(14,0,0) -> 46322.583 | Q8: 0 | R8: =P8-Q11 -> 0.16870023 | S8: =Q8*R8 -> 0
A9: =TODAY()+TIME(15,0,0) -> 46322.625 | B9: 4 | C9: =A9-B11 -> 0.2103669 | D9: =B9*C9 -> 0.84146759 | F9: =TODAY()+TIME(15,0,0) -> 46322.625 | G9: 0 | H9: =F9-G11 -> 0.2103669 | I9: =G9*H9 -> 0 | K9: =TODAY()+TIME(15,0,0) -> 46322.625 | L9: 1 | M9: =K9-L11 -> 0.2103669 | N9: =L9*M9 -> 0.2103669 | P9: =TODAY()+TIME(15,0,0) -> 46322.625 | Q9: 0 | R9: =P9-Q11 -> 0.2103669 | S9: =Q9*R9 -> 0
A11: Nykyinen aika | B11: =NOW() -> 46322.415 | F11: Nykyinen aika | G11: =NOW() -> 46322.415 | K11: Nykyinen aika | L11: =NOW() -> 46322.415 | P11: Nykyinen aika | Q11: =NOW() -> 46322.415
A13: Kokonaistyötunnit (Jäljellä) | B13: =(B6*C6)+(B7*C7)+(B8*C8)+(B9*C9) -> 1.6890359 | C13: Kerääjät / yht | D13: =B9+B8+B7+B6 -> 11 | F13: Kokonaistyötunnit (Jäljellä) | G13: =(H9*G9)+(H8*G8)+(H7*G7)+(H6*G6) -> 1.4410694 | H13: Kerääjät / yht | I13: =G9+G8+G7+G6 -> 12 | K13: Kokonaistyötunnit (Jäljellä) | L13: =N9+N8+N7+N6 -> 0.59146759 | M13: Kerääjät / yht | N13: =L9+L8+L7+L6 -> 4 | P13: Kokonaistyötunnit (Jäljellä) | Q13: =S9+S8+S7+S6 -> 0.1707338 | R13: Kerääjät / yht | S13: =Q9+Q8+Q7+Q6 -> 2
A14: Tuotteita / kerääjä | B14: =B2/(B6+B7+B8+B9) -> 460.45455 | F14: Tuotteita / kerääjä | G14: =G2/(G6+G7+G8+G9) -> 83.083333 | K14: Tuotteita / kerääjä | L14: =L2/(L6+L7+L8+L9) -> 110 | P14: Tuotteita / kerääjä | Q14: =Q2/(Q6+Q7+Q8+Q9) -> 0
A15: Arvioitu kesto (Tunnit) | B15: =B2/(B3*(B6+B7+B8+B9))/24 -> 0.1077843 | F15: Arvioitu kesto (Tunnit) | G15: =G2/(G3*(G6+G7+G8+G9))/24 -> 0.046781156 | K15: Arvioitu kesto (Tunnit) | L15: =L2/(L3*(L6+L7+L8+L9))/24 -> 0.039173789 | P15: Arvioitu kesto (Tunnit) | Q15: =Q2/(Q3*(Q6+Q7+Q8+Q9))/24 -> 0
A16: Arvioitu valmistuminen | B16: =B11+B15 -> 46322.522 | F16: Arvioitu valmistuminen | G16: =G11+G15 -> 46322.461 | K16: Arvioitu valmistuminen | L16: =L11+L15 -> 46322.454 | P16: Arvioitu valmistuminen | Q16: =Q11+Q15 -> 46322.415
A18: LÄMMIN AUTO | F18: KYLMÄ AUTO | K18: KOKONAIS | P18: KERÄTTÄVÄ MÄÄRÄ | R18: ARVIOITU VALMISTUMINEN
A19: Kerättävä määrä | B19: =Q22 -> 2615 | F19: Kerättävä määrä | G19: =Q23 -> 1750 | K19: Lisätyötarve HH:MM | L19: =((N21-N20)/L20)/24 -> -1.7947213 | M19: Lisätyötuntikapa | N19: =N20+($L$20*L21) -> 18003.845 | P19: MASSA | Q19: 5065 | R19: MASSA | S19: =B16 -> 46322.522
A20: Keräysteho kpl/h | B20: ='Keräysteho kplh'!B5 -> 438 | F20: Keräysteho kpl/h | G20: ='Keräysteho kplh'!B6 -> 400 | K20: Keräysteho kpl/h | L20: =(B3*B13+G3*G13+L3*L13+Q3*Q13+B20*B30+G20*G30)/ (B13+G13+L13+Q13+B30+G30) -> 165.69065 | M20: Keräyskapa | N20: =L20*L30*24 -> 18003.845 | P20: KAUPPA | Q20: 997 | R20: KAUPPA | S20: =G16 -> 46322.461
K21: Lisätunnit | L21: 0 | M21: Kerättävä määrä | N21: =B2+G2+L2+Q2+B19+G19 -> 10867 | P21: PAKASTE | Q21: 440 | R21: PAKASTE | S21: =L16 -> 46322.454
A22: Vuoron päättymisaika | C22: Aikaa jäljellä (h) | D22: keräystunnit jäljellä | F22: Vuoron päättymisaika | H22: Aikaa jäljellä (h) | I22: keräystunnit jäljellä | K22: Vuoron päättymisaika | L22: HKL | M22: Aikaa jäljellä (h) | N22: keräystunnit jäljellä | P22: LÄMMIN AUTO | Q22: 2615 | R22: LÄMMIN AUTO | S22: =B33 -> 46322.498 | T22: 47
A23: =TODAY()+TIME(12,0,0) -> 46322.5 | B23: 1 | C23: =A23-B28 -> 0.085366898 | D23: =B23*C23 -> 0.085366898 | F23: =TODAY()+TIME(12,0,0) -> 46322.5 | G23: 0 | H23: =F23-G28 -> 0.085366898 | I23: =G23*H23 -> 0 | K23: =TODAY()+TIME(12,0,0) -> 46322.5 | L23: =G23+B23+B6+G6+L6+Q6 -> 7 | M23: =K23-L28 -> 0.085366898 | N23: =L23*M23 -> 0.59756829 | P23: KYLMÄ AUTO | Q23: 1750 | R23: KYLMÄ AUTO | S23: =G33 -> 46322.506
A24: =TODAY()+TIME(13,0,0) -> 46322.542 | B24: 1 | C24: =A24-B28 -> 0.12703356 | D24: =B24*C24 -> 0.12703356 | F24: =TODAY()+TIME(13,0,0) -> 46322.542 | G24: 2 | H24: =F24-G28 -> 0.12703356 | I24: =G24*H24 -> 0.25406713 | K24: =TODAY()+TIME(13,0,0) -> 46322.542 | L24: =G24+B24+B7+G7+L7+Q7 -> 20 | M24: =K24-L28 -> 0.12703356 | N24: =L24*M24 -> 2.5406713 | P24: KÄYTTÖTAVARA | Q24: 0 | R24: KÄYTTÖTAVARA | S24: =Q16 -> 46322.415
A25: =TODAY()+TIME(14,0,0) -> 46322.583 | B25: 1 | C25: =A25-B28 -> 0.16870023 | D25: =B25*C25 -> 0.16870023 | F25: =TODAY()+TIME(14,0,0) -> 46322.583 | G25: 0 | H25: =F25-G28 -> 0.16870023 | I25: =G25*H25 -> 0 | K25: =TODAY()+TIME(14,0,0) -> 46322.583 | L25: =G25+B25+B8+G8+L8+Q8 -> 2 | M25: =K25-L28 -> 0.16870023 | N25: =L25*M25 -> 0.33740046 | P25: KOKONAIS | Q25: =Q19+Q20+Q21+Q22+Q23+Q24 -> 10867 | R25: KOKONAIS | S25: =L33 -> 46322.522
A26: =TODAY()+TIME(15,0,0) -> 46322.625 | B26: 0 | C26: =A26-B28 -> 0.2103669 | D26: =B26*C26 -> 0 | F26: =TODAY()+TIME(15,0,0) -> 46322.625 | G26: 0 | H26: =F26-G28 -> 0.2103669 | I26: =G26*H26 -> 0 | K26: =TODAY()+TIME(15,0,0) -> 46322.625 | L26: =G26+B26+B9+G9+L9+Q9 -> 5 | M26: =K26-L28 -> 0.2103669 | N26: =L26*M26 -> 1.0518345 | P26: Arvioitu aika | R26: Kierroksia
P27: LAATIKOITA JÄLJELLÄ | R27: KIERROKSIA JÄLJELLÄ
A28: Nykyinen aika | B28: =NOW() -> 46322.415 | F28: Nykyinen aika | G28: =NOW() -> 46322.415 | K28: Nykyinen aika | L28: =NOW() -> 46322.415 | M28: Ylim. Työaika | N28: =L30-N21/L20/24 -> 1.7947213 | P28: XL MASSA | Q28: 0 | R28: KIERROKSIA | S28: =Q28/25 -> 0
P29: MASSA | Q29: 0 | R29: KIERROKSIA | S29: =B40 -> 0
A30: Kokonaistyötunnit (Jäljellä) | B30: =D26+D25+D24+D23 -> 0.38110069 | C30: Kerääjät / yht | D30: =B26+B25+B24+B23 -> 3 | F30: Kokonaistyötunnit (Jäljellä) | G30: =I26+I25+I24+I23 -> 0.25406713 | H30: Kerääjät / yht | I30: =G26+G25+G24+G23 -> 2 | K30: Kokonaistyötunnit (Jäljellä) | L30: =N23+N24+N25+N26 -> 4.5274745 | M30: Kerääjät / yht | N30: =L26+L25+L24+L23 -> 34 | P30: KAUPPA | Q30: 0 | R30: KIERROKSIA | S30: =G40 -> 0
A31: Tuotteita / kerääjä | B31: =B19/(B23+B24+B25+B26) -> 871.66667 | F31: Tuotteita / kerääjä | G31: =G19/(G23+G24+G25+G26) -> 875 | K31: Tuotteita / kerääjä | L31: =N21/(L23+L24+L25+L26) -> 319.61765 | P31: PAKASTE | Q31: 0 | R31: PSS | S31: -
A32: Arvioitu kesto (Tunnit) | B32: =B19/(B20*(B23+B24+B25+B26))/24 -> 0.082921106 | F32: Arvioitu kesto (Tunnit) | G32: =G19/(G20*(G23+G24+G25+G26))/24 -> 0.091145833 | K32: Arvioitu kesto HH:MM | L32: =MAX(IFERROR(G32,"0"),IFERROR(B32,"0"),IFERROR(L15,"0"),IFERROR(G15,"0"),IFERROR(B15,"0"),IFERROR(Q15,"0")) -> 0.1077843 | M32: Tarvittavat työtunnit | N32: =N21/L20/24 -> 2.7327533 | P32: LÄMMIN AUTO | Q32: 0 | R32: RULLAKOITA | S32: =B46 -> 0
A33: Arvioitu valmistuminen | B33: =B28+B32 -> 46322.498 | F33: Arvioitu valmistuminen | G33: =G28+G32 -> 46322.506 | K33: Arvioitu valmistuminen | L33: =MAX(IFERROR(G33,"0"),IFERROR(B33,"0"),IFERROR(L16,"0"),IFERROR(G16,"0"),IFERROR(B16,"0"),IFERROR(Q16,"0")) -> 46322.522 | P33: KYLMÄ AUTO | Q33: 0 | R33: RULLAKOITA | S33: =G46 -> 0
P34: KÄYTTÖTAVARA | Q34: 0 | R34: KIERROKSIA | S34: =L46 -> 0
P35: KOKONAIS | Q35: =B39+G39+L39+L45+G45+B45 -> 0
P36: ~ Per kerääjä | Q36: =Q35/N30 -> 0 | R36: PER KERÄÄJÄ
A37: MASSA | F37: KAUPPA | K37: PAKASTE | R37: KIERROKSIA | S37: =S29/D13 -> 0
A38: Tuotteita | B38: =B2 -> 5065 | C38: Kerääjät / yht | D38: =D13 -> 11 | F38: Tuotteita | G38: =G2 -> 997 | H38: Kerääjät / yht | I38: =I13 -> 12 | K38: Tuotteita | L38: =L2 -> 440 | M38: Kerääjät / yht | N38: =N13 -> 4 | R38: KIERROKSIA | S38: =S30/I13 -> 0
A39: Laatikoita | B39: =Q28 -> 0 | F39: Laatikoita | G39: =Q29 -> 0 | K39: Pss/laatikoita | L39: =Q30 -> 0 | R39: ~ PER KERÄÄJÄ | S39: =L40 -> 0
A40: Kierroksia | B40: =B39/9 -> 0 | F40: Kierroksia | G40: =G39/9 -> 0 | K40: ~ Per kerääjä | L40: =L39/N13 -> 0 | R40: RULLAKOITA | S40: =S32/D30 -> 0
A41: Kierroksia/kerääjä | B41: =B40/D13 -> 0 | F41: Kierroksia/kerääjä | G41: =G40/I13 -> 0 | R41: RULLAKOITA | S41: =S33/I30 -> 0
R42: KIERROKSIA | S42: =S34/S13 -> 0
A43: LÄMMIN AUTO | F43: KYLMÄ AUTO | K43: KÄYTTÖTAVARA
A44: Tuotteita | B44: =B19 -> 2615 | C44: Kerääjät / yht | D44: =D19 -> 0 | F44: Tuotteita | G44: =G19 -> 1750 | H44: Kerääjät / yht | I44: =I19 -> 0 | K44: Tuotteita | L44: =Q2 -> 0 | M44: Kerääjät / yht | N44: =S13 -> 2
A45: Laatikoita | B45: =Q31 -> 0 | F45: Laatikoita | G45: =Q32 -> 0 | K45: Laatikoita | L45: =Q33 -> 0
A46: Rullakoita | B46: =B45/10 -> 0 | F46: Rullakoita | G46: =G45/10 -> 0 | K46: Kierroksia | L46: =L45/16 -> 0
A47: Rullakoita/kerääjä | B47: =B46/D30 -> 0 | F47: Rullakoita/kerääjä | G47: =G46/I30 -> 0 | K47: Kierroksia/kerääjä | L47: =L46/N44 -> 0 | P47: Nykyinen aika | Q47: =NOW() -> 46322.415
Q65: 4

Sheet Vanhempi versio
A1: MASSA | F1: KAUPPA | K1: PAKASTE | P1: KÄYTTÖTAVARA
A2: Kerättävä määrä | B2: =Q13 -> 0 | F2: Kerättävä määrä | G2: =Q14 -> 0 | K2: Kerättävä määrä | L2: =Q15 -> 0 | P2: Kerättävä määrä | Q2: =Q18 -> 0
A3: Keräysteho kpl/h | B3: ='Keräysteho kplh'!B2 -> 178 | F3: Keräysteho kpl/h | G3: ='Keräysteho kplh'!B3 -> 74 | K3: Keräysteho kpl/h | L3: ='Keräysteho kplh'!B4 -> 117 | P3: Keräysteho kpl/h | Q3: ='Keräysteho kplh'!B7 -> 30
A5: Vuoron päättymisaika | B5: HKL | C5: Aikaa jäljellä (h) | D5: keräystunnit jäljellä | F5: Vuoron päättymisaika | G5: HKL | H5: Aikaa jäljellä (h) | I5: keräystunnit jäljellä | K5: Vuoron päättymisaika | L5: HKL | M5: Aikaa jäljellä (h) | N5: keräystunnit jäljellä | P5: Vuoron päättymisaika | R5: Aikaa jäljellä (h) | S5: keräystunnit jäljellä
A6: =TODAY()+TIME(12,0,0) -> 46322.5 | B6: 0 | C6: =A6-B11 -> 0.085366898 | D6: =B6*C6 -> 0 | F6: =TODAY()+TIME(12,0,0) -> 46322.5 | G6: 0 | H6: =F6-G11 -> 0.085366898 | I6: =G6*H6 -> 0 | K6: =TODAY()+TIME(12,0,0) -> 46322.5 | L6: 0 | M6: =K6-L11 -> 0.085366898 | N6: =L6*M6 -> 0 | P6: =S18 -> #DIV/0! | Q6: 0 | R6: =P6-L29 -> #DIV/0! | S6: =R6*Q6 -> #DIV/0!
A7: =TODAY()+TIME(13,0,0) -> 46322.542 | B7: 0 | C7: =A7-B11 -> 0.12703356 | D7: =B7*C7 -> 0 | F7: =TODAY()+TIME(13,0,0) -> 46322.542 | G7: 0 | H7: =F7-G11 -> 0.12703356 | I7: =G7*H7 -> 0 | K7: =TODAY()+TIME(13,0,0) -> 46322.542 | L7: 0 | M7: =K7-L11 -> 0.12703356 | N7: =L7*M7 -> 0 | P7: Kokonaistyötunnit (Jäljellä) | Q7: =S6 -> #DIV/0! | R7: Kerääjät / yht | S7: =Q6 -> 0
A8: =TODAY()+TIME(14,0,0) -> 46322.583 | B8: 0 | C8: =A8-B11 -> 0.16870023 | D8: =B8*C8 -> 0 | F8: =TODAY()+TIME(14,0,0) -> 46322.583 | G8: 0 | H8: =F8-G11 -> 0.16870023 | I8: =G8*H8 -> 0 | K8: =TODAY()+TIME(14,0,0) -> 46322.583 | L8: 0 | M8: =K8-L11 -> 0.16870023 | N8: =L8*M8 -> 0 | P8: Tuotteita / kerääjä | Q8: =Q2/(Q6) -> #DIV/0!
A9: =TODAY()+TIME(15,0,0) -> 46322.625 | B9: 0 | C9: =A9-B11 -> 0.2103669 | D9: =B9*C9 -> 0 | F9: =TODAY()+TIME(15,0,0) -> 46322.625 | G9: 0 | H9: =F9-G11 -> 0.2103669 | I9: =G9*H9 -> 0 | K9: =TODAY()+TIME(15,0,0) -> 46322.625 | L9: 0 | M9: =K9-L11 -> 0.2103669 | N9: =L9*M9 -> 0 | P9: Arvioitu kesto (Tunnit) | Q9: =Q2/(Q3*(Q6))/24 -> #DIV/0!
P10: Arvioitu valmistuminen | Q10: =L29+Q9 -> #DIV/0!
A11: Nykyinen aika | B11: =NOW() -> 46322.415 | F11: Nykyinen aika | G11: =NOW() -> 46322.415 | K11: Nykyinen aika | L11: =NOW() -> 46322.415
P12: KERÄTTÄVÄ MÄÄRÄ | R12: ARVIOITU VALMISTUMINEN
A13: Kokonaistyötunnit (Jäljellä) | B13: =(B6*C6)+(B7*C7)+(B8*C8)+(B9*C9) -> 0 | C13: Kerääjät / yht | D13: =B9+B8+B7+B6 -> 0 | F13: Kokonaistyötunnit (Jäljellä) | G13: =(H9*G9)+(H8*G8)+(H7*G7)+(H6*G6) -> 0 | H13: Kerääjät / yht | I13: =G9+G8+G7+G6 -> 0 | K13: Kokonaistyötunnit (Jäljellä) | L13: =N9+N8+N7+N6 -> 0 | M13: Kerääjät / yht | N13: =L9+L8+L7+L6 -> 0 | P13: MASSA | Q13: 0 | R13: MASSA | S13: =B16 -> #DIV/0!
A14: Tuotteita / kerääjä | B14: =B2/(B6+B7+B8+B9) -> #DIV/0! | F14: Tuotteita / kerääjä | G14: =G2/(G6+G7+G8+G9) -> #DIV/0! | K14: Tuotteita / kerääjä | L14: =L2/(L6+L7+L8+L9) -> #DIV/0! | P14: KAUPPA | Q14: 0 | R14: KAUPPA | S14: =G16 -> #DIV/0!
A15: Arvioitu kesto (Tunnit) | B15: =B2/(B3*(B6+B7+B8+B9))/24 -> #DIV/0! | F15: Arvioitu kesto (Tunnit) | G15: =G2/(G3*(G6+G7+G8+G9))/24 -> #DIV/0! | K15: Arvioitu kesto (Tunnit) | L15: =L2/(L3*(L6+L7+L8+L9))/24 -> #DIV/0! | P15: PAKASTE | Q15: 0 | R15: PAKASTE | S15: =L16 -> #DIV/0!
A16: Arvioitu valmistuminen | B16: =B11+B15 -> #DIV/0! | F16: Arvioitu valmistuminen | G16: =G11+G15 -> #DIV/0! | K16: Arvioitu valmistuminen | L16: =L11+L15 -> #DIV/0! | P16: LÄMMIN AUTO | Q16: 0 | R16: LÄMMIN AUTO | S16: =B33 -> #DIV/0!
P17: KYLMÄ AUTO | Q17: 0 | R17: KYLMÄ AUTO | S17: =G33 -> #DIV/0!
A18: LÄMMIN AUTO | F18: KYLMÄ AUTO | K18: KOKONAIS ET | P18: KÄYTTÖTAVARA | Q18: 0 | R18: KÄYTTÖTAVARA | S18: =Q10 -> #DIV/0!
A19: Kerättävä määrä | B19: =Q16 -> 0 | F19: Kerättävä määrä | G19: =Q17 -> 0 | K19: Lisätyötarve HH:MM | L19: =((N21-N20)/L20)/24 -> #DIV/0! | M19: Lisätyötuntikapa | N19: =N20+($L$20*L21) -> #DIV/0! | P19: KOKONAIS | Q19: =Q13+Q14+Q15+Q16+Q17+Q18 -> 0 | R19: KOKONAIS | S19: =L33 -> 0
A20: Keräysteho kpl/h | B20: ='Keräysteho kplh'!B5 -> 438 | F20: Keräysteho kpl/h | G20: ='Keräysteho kplh'!B6 -> 400 | K20: Keräysteho kpl/h ET | L20: =(B3*B13+G3*G13+L3*L13+B20*B30+G20*G30)/ (B13+G13+L13+B30+G30) -> #DIV/0! | M20: Keräyskapa | N20: =L20*L30*24 -> #DIV/0! | P20: Arvioitu aika | R20: Kierroksia
K21: Lisätunnit | L21: 0 | M21: Kerättävä määrä ET | N21: =B2+G2+L2+B19+G19 -> 0 | P21: LAATIKOITA JÄLJELLÄ | R21: KIERROKSIA JÄLJELLÄ
A22: Vuoron päättymisaika | B22: HKL | C22: Aikaa jäljellä (h) | D22: keräystunnit jäljellä | F22: Vuoron päättymisaika | G22: HKL | H22: Aikaa jäljellä (h) | I22: keräystunnit jäljellä | K22: Keräysteho kpl/h ET + KT | L22: =(B3*B13+G3*G13+L3*L13+Q3*Q7+B20*B30+G20*G30)/ (B13+G13+L13+Q7+B30+G30) -> #DIV/0! | M22: Kerättävä määrä ET + KT | N22: =B2+G2+L2+Q2+B19+G19 -> 0 | P22: XL MASSA | Q22: 0 | R22: KIERROKSIA | S22: =Q22/25 -> 0 | T22: 47
A23: =TODAY()+TIME(12,0,0) -> 46322.5 | B23: 0 | C23: =A23-B28 -> 0.085366898 | D23: =B23*C23 -> 0 | F23: =TODAY()+TIME(12,0,0) -> 46322.5 | G23: 0 | H23: =F23-G28 -> 0.085366898 | I23: =G23*H23 -> 0 | K23: Vuoron päättymisaika | L23: HKL ET | M23: Aikaa jäljellä (h) | N23: keräystunnit jäljellä | P23: MASSA | Q23: 0 | R23: KIERROKSIA | S23: =B40 -> 0
A24: =TODAY()+TIME(13,0,0) -> 46322.542 | B24: 0 | C24: =A24-B28 -> 0.12703356 | D24: =B24*C24 -> 0 | F24: =TODAY()+TIME(13,0,0) -> 46322.542 | G24: 0 | H24: =F24-G28 -> 0.12703356 | I24: =G24*H24 -> 0 | K24: =TODAY()+TIME(12,0,0) -> 46322.5 | L24: =G23+B23+B6+G6+L6 -> 0 | M24: =K24-L29 -> 0.085366898 | N24: =L24*M24 -> 0 | P24: KAUPPA | Q24: 0 | R24: KIERROKSIA | S24: =G40 -> 0
A25: =TODAY()+TIME(14,0,0) -> 46322.583 | B25: 0 | C25: =A25-B28 -> 0.16870023 | D25: =B25*C25 -> 0 | F25: =TODAY()+TIME(14,0,0) -> 46322.583 | G25: 0 | H25: =F25-G28 -> 0.16870023 | I25: =G25*H25 -> 0 | K25: =TODAY()+TIME(13,0,0) -> 46322.542 | L25: =G24+B24+B7+G7+L7 -> 0 | M25: =K25-L29 -> 0.12703356 | N25: =L25*M25 -> 0 | P25: PAKASTE | Q25: 0 | R25: PSS | S25: -
A26: =TODAY()+TIME(15,0,0) -> 46322.625 | B26: 0 | C26: =A26-B28 -> 0.2103669 | D26: =B26*C26 -> 0 | F26: =TODAY()+TIME(15,0,0) -> 46322.625 | G26: 0 | H26: =F26-G28 -> 0.2103669 | I26: =G26*H26 -> 0 | K26: =TODAY()+TIME(14,0,0) -> 46322.583 | L26: =G25+B25+B8+G8+L8 -> 0 | M26: =K26-L29 -> 0.16870023 | N26: =L26*M26 -> 0 | P26: LÄMMIN AUTO | Q26: 0 | R26: RULLAKOITA | S26: =B46 -> 0
K27: =TODAY()+TIME(15,0,0) -> 46322.625 | L27: =G26+B26+B9+G9+L9 -> 0 | M27: =K27-L29 -> 0.2103669 | N27: =L27*M27 -> 0 | P27: KYLMÄ AUTO | Q27: 0 | R27: RULLAKOITA | S27: =G46 -> 0
A28: Nykyinen aika | B28: =NOW() -> 46322.415 | F28: Nykyinen aika | G28: =NOW() -> 46322.415 | K28: HKL KT | L28: =S7 -> 0 | M28: =R6 -> #DIV/0! | N28: =S6 -> #DIV/0! | P28: KÄYTTÖTAVARA | Q28: 0 | R28: KIERROKSIA | S28: =L46 -> 0
K29: Nykyinen aika | L29: =NOW() -> 46322.415 | M29: Ylim. Työaika | N29: =L30-N21/L20/24 -> #DIV/0! | P29: KOKONAIS | Q29: =B39+G39+L39+L45+G45+B45 -> 0
A30: Kokonaistyötunnit (Jäljellä) | B30: =D26+D25+D24+D23 -> 0 | C30: Kerääjät / yht | D30: =B26+B25+B24+B23 -> 0 | F30: Kokonaistyötunnit (Jäljellä) | G30: =I26+I25+I24+I23 -> 0 | H30: Kerääjät / yht | I30: =G26+G25+G24+G23 -> 0 | K30: Kokonaistyötunnit (Jäljellä) | L30: =N24+N25+N26+N27 -> 0 | M30: Kerääjät / yht | N30: =L27+L26+L25+L24 -> 0 | P30: ~ Per kerääjä | Q30: =Q29/N30 -> #DIV/0! | R30: PER KERÄÄJÄ
A31: Tuotteita / kerääjä | B31: =B19/(B23+B24+B25+B26) -> #DIV/0! | F31: Tuotteita / kerääjä | G31: =G19/(G23+G24+G25+G26) -> #DIV/0! | K31: Tuotteita / kerääjä | L31: =N21/(L24+L25+L26+L27) -> #DIV/0! | R31: KIERROKSIA | S31: =S23/D13 -> #DIV/0!
A32: Arvioitu kesto (Tunnit) | B32: =B19/(B20*(B23+B24+B25+B26))/24 -> #DIV/0! | F32: Arvioitu kesto (Tunnit) | G32: =G19/(G20*(G23+G24+G25+G26))/24 -> #DIV/0! | K32: Arvioitu kesto HH:MM | L32: =MAX(IFERROR(G32,"0"),IFERROR(B32,"0"),IFERROR(L15,"0"),IFERROR(G15,"0"),IFERROR(B15,"0"),IFERROR(Q9,"0")) -> 0 | M32: Tarvittavat työtunnit | N32: =N21/L20/24 -> #DIV/0! | R32: KIERROKSIA | S32: =S24/I13 -> #DIV/0!
A33: Arvioitu valmistuminen | B33: =B28+B32 -> #DIV/0! | F33: Arvioitu valmistuminen | G33: =G28+G32 -> #DIV/0! | K33: Arvioitu valmistuminen | L33: =MAX(IFERROR(G33,"0"),IFERROR(B33,"0"),IFERROR(L16,"0"),IFERROR(G16,"0"),IFERROR(B16,"0"),IFERROR(Q10,"0")) -> 0 | R33: ~ PER KERÄÄJÄ | S33: =L40 -> #DIV/0!
R34: RULLAKOITA | S34: =S26/D30 -> #DIV/0!
R35: RULLAKOITA | S35: =S27/I30 -> #DIV/0!
R36: KIERROKSIA | S36: =S28/S7 -> #DIV/0!
A37: MASSA | F37: KAUPPA | K37: PAKASTE
A38: Tuotteita | B38: =B2 -> 0 | C38: Kerääjät / yht | D38: =D13 -> 0 | F38: Tuotteita | G38: =G2 -> 0 | H38: Kerääjät / yht | I38: =I13 -> 0 | K38: Tuotteita | L38: =L2 -> 0 | M38: Kerääjät / yht | N38: =N13 -> 0
A39: Laatikoita | B39: =Q23 -> 0 | F39: Laatikoita | G39: =Q24 -> 0 | K39: Pss/laatikoita | L39: =Q25 -> 0
A40: Kierroksia | B40: =B39/9 -> 0 | F40: Kierroksia | G40: =G39/9 -> 0 | K40: ~ Per kerääjä | L40: =L39/N13 -> #DIV/0!
A41: Kierroksia/kerääjä | B41: =B40/D13 -> #DIV/0! | F41: Kierroksia/kerääjä | G41: =G40/I13 -> #DIV/0!
A43: LÄMMIN AUTO | F43: KYLMÄ AUTO | K43: KÄYTTÖTAVARA
A44: Tuotteita | B44: =B19 -> 0 | C44: Kerääjät / yht | D44: =D19 -> 0 | F44: Tuotteita | G44: =G19 -> 0 | H44: Kerääjät / yht | I44: =I19 -> 0 | K44: Tuotteita | L44: =Q2 -> 0 | M44: Kerääjät / yht | N44: =S7 -> 0
A45: Laatikoita | B45: =Q26 -> 0 | F45: Laatikoita | G45: =Q27 -> 0 | K45: Laatikoita | L45: =Q28 -> 0
A46: Rullakoita | B46: =B45/10 -> 0 | F46: Rullakoita | G46: =G45/10 -> 0 | K46: Kierroksia | L46: =L45/16 -> 0
A47: Rullakoita/kerääjä | B47: =B46/D30 -> #DIV/0! | F47: Rullakoita/kerääjä | G47: =G46/I30 -> #DIV/0! | K47: Kierroksia/kerääjä | L47: =L46/N44 -> #DIV/0! | P47: Nykyinen aika | Q47: =NOW() -> 46322.415
Q65: 4

Sheet BACKUP
A1: 2 | F1: KAUPPA | K1: PAKASTE | P1: KÄYTTÖTAVARA
A2: Kerättävä määrä | B2: =Q12 -> 0 | F2: Kerättävä määrä | G2: =Q13 -> 0 | K2: Kerättävä määrä | L2: =Q14 -> 0 | P2: Kerättävä määrä | Q2: =Q17 -> 0
A3: Keräysteho kpl/h | B3: ='Keräysteho kplh'!B2 -> 178 | F3: Keräysteho kpl/h | G3: ='Keräysteho kplh'!B3 -> 74 | K3: Keräysteho kpl/h | L3: ='Keräysteho kplh'!B4 -> 117 | P3: Keräysteho kpl/h | Q3: ='Keräysteho kplh'!B7 -> 30
A4: Vuoron päättymisaika | B4: HKL | C4: Aikaa jäljellä (h) | D4: keräystunnit jäljellä | F4: Vuoron päättymisaika | G4: HKL | H4: Aikaa jäljellä (h) | I4: keräystunnit jäljellä | K4: Vuoron päättymisaika | L4: HKL | M4: Aikaa jäljellä (h) | N4: keräystunnit jäljellä | P4: Vuoron päättymisaika | R4: Aikaa jäljellä (h) | S4: keräystunnit jäljellä
A5: =TODAY()+TIME(11,0,0) -> 46322.458 | B5: 0 | C5: =A5-D13 -> 0.043700231 | D5: =B5*C5 -> 0 | F5: =TODAY()+TIME(11,0,0) -> 46322.458 | G5: 0 | H5: =F5-I13 -> 0.043700231 | I5: =G5*H5 -> 0 | K5: =TODAY()+TIME(11,0,0) -> 46322.458 | L5: 0 | M5: =K5-N13 -> 0.043700231 | N5: =L5*M5 -> 0 | P5: =S17 | Q5: 0 | R5: =P5-L25 -> #VALUE! | S5: =R5*Q5 -> #VALUE!
A6: =TODAY()+TIME(12,0,0) -> 46322.5 | B6: 0 | C6: =A6-D13 -> 0.085366898 | D6: =B6*C6 -> 0 | F6: =TODAY()+TIME(12,0,0) -> 46322.5 | G6: 0 | H6: =F6-I13 -> 0.085366898 | I6: =G6*H6 -> 0 | K6: =TODAY()+TIME(12,0,0) -> 46322.5 | L6: 0 | M6: =K6-N13 -> 0.085366898 | N6: =L6*M6 -> 0 | P6: Kokonaistyötunnit (Jäljellä) | Q6: =S5 -> #VALUE! | R6: Kerääjät / yht | S6: =Q5 -> 0
A7: =TODAY()+TIME(13,0,0) -> 46322.542 | B7: 0 | C7: =A7-D13 -> 0.12703356 | D7: =B7*C7 -> 0 | F7: =TODAY()+TIME(13,0,0) -> 46322.542 | G7: 0 | H7: =F7-I13 -> 0.12703356 | I7: =G7*H7 -> 0 | K7: =TODAY()+TIME(13,0,0) -> 46322.542 | L7: 0 | M7: =K7-N13 -> 0.12703356 | N7: =L7*M7 -> 0 | P7: Tuotteita / kerääjä | Q7: =Q2/(Q5) -> #DIV/0!
A8: =TODAY()+TIME(14,0,0) -> 46322.583 | B8: 0 | C8: =A8-D13 -> 0.16870023 | D8: =B8*C8 -> 0 | F8: =TODAY()+TIME(14,0,0) -> 46322.583 | G8: 0 | H8: =F8-I13 -> 0.16870023 | I8: =G8*H8 -> 0 | K8: =TODAY()+TIME(14,0,0) -> 46322.583 | L8: 0 | M8: =K8-N13 -> 0.16870023 | N8: =L8*M8 -> 0 | P8: Arvioitu kesto (Tunnit) | Q8: =Q2/(Q3*(Q5))/24 -> #DIV/0!
A9: =TODAY()+TIME(15,0,0) -> 46322.625 | B9: 0 | C9: =A9-D13 -> 0.2103669 | D9: =B9*C9 -> 0 | F9: =TODAY()+TIME(15,0,0) -> 46322.625 | G9: 0 | H9: =F9-I13 -> 0.2103669 | I9: =G9*H9 -> 0 | K9: =TODAY()+TIME(15,0,0) -> 46322.625 | L9: 0 | M9: =K9-N13 -> 0.2103669 | N9: =L9*M9 -> 0 | P9: Arvioitu valmistuminen | Q9: =IFERROR(L25+Q8+IF(Q2>=400,TIME(0,24,0),0),"")
A10: Kokonaistyötunnit (Jäljellä) | B10: =D5+D6+D7+D8+D9 -> 0 | C10: Kerääjät / yht | D10: =B9+B8+B7+B6+B5 -> 0 | F10: Kokonaistyötunnit (Jäljellä) | G10: =I5+I6+I7+I8+I9 -> 0 | H10: Kerääjät / yht | I10: =G9+G8+G7+G6+G5 -> 0 | K10: Kokonaistyötunnit (Jäljellä) | L10: =N9+N8+N7+N6+N5 -> 0 | M10: Kerääjät / yht | N10: =L9+L8+L7+L6+L5 -> 0
A11: Tuotteita / kerääjä | B11: =B2/(B6+B7+B8+B9) -> #DIV/0! | F11: Tuotteita / kerääjä | G11: =G2/(G6+G7+G8+G9) -> #DIV/0! | K11: Tuotteita / kerääjä | L11: =L2/(L6+L7+L8+L9) -> #DIV/0! | P11: KERÄTTÄVÄ MÄÄRÄ | R11: ARVIOITU VALMISTUMINEN
A12: Arvioitu kesto (Tunnit) | B12: =B2/(B3*(B6+B7+B8+B9+B5))/24 -> #DIV/0! | F12: Arvioitu kesto (Tunnit) | G12: =G2/(G3*(G6+G7+G8+G9+G5))/24 -> #DIV/0! | K12: Arvioitu kesto (Tunnit) | L12: =L2/(L3*(L6+L7+L8+L9+L5))/24 -> #DIV/0! | P12: MASSA | Q12: 0 | R12: MASSA | S12: =B13
A13: Arvioitu valmistuminen | B13: =IFERROR(D13+B12+IF(B2>=3000,TIME(0,24,0),0),"") | C13: Nykyinen aika | D13: =NOW() -> 46322.415 | F13: Arvioitu valmistuminen | G13: =IFERROR(I13+G12+IF(G2>=1500,TIME(0,24,0),0),"") | H13: Nykyinen aika | I13: =NOW() -> 46322.415 | K13: Arvioitu valmistuminen | L13: =IFERROR(N13+L12+IF(L2>=400,TIME(0,24,0),0),"") | M13: Nykyinen aika | N13: =NOW() -> 46322.415 | P13: KAUPPA | Q13: 0 | R13: KAUPPA | S13: =G13
P14: PAKASTE | Q14: 0 | R14: PAKASTE | S14: =L13
A15: LÄMMIN AUTO | F15: KYLMÄ AUTO | K15: Lisätyötarve HH:MM | L15: =N29-N28-(L17/24) -> #DIV/0! | M15: Lisätyötuntikapa | N15: =N16+(L16*L17) -> #DIV/0! | P15: LÄMMIN AUTO | Q15: 0 | R15: LÄMMIN AUTO | S15: =B27 | AB15: =IFERROR(((N17-N16)/L16)/24,0)+IF(AA26<0,-AA26,0) -> 0
A16: Kerättävä määrä | B16: =Q15 -> 0 | F16: Kerättävä määrä | G16: =Q16 -> 0 | K16: Keräysteho kpl/h ET | L16: =(B3*B10+G3*G10+L3*L10+B17*B24+G17*G24)/ (B10+G10+L10+B24+G24) -> #DIV/0! | M16: Keräyskapa | N16: =L16*N28*24 -> #DIV/0! | P16: KYLMÄ AUTO | Q16: 0 | R16: KYLMÄ AUTO | S16: =G27
A17: Keräysteho kpl/h | B17: ='Keräysteho kplh'!B5 -> 438 | F17: Keräysteho kpl/h | G17: ='Keräysteho kplh'!B6 -> 400 | K17: Lisätunnit | M17: Kerättävä määrä ET | N17: =B2+G2+L2+B16+G16 -> 0 | P17: KÄYTTÖTAVARA | Q17: 0 | R17: KÄYTTÖTAVARA | S17: =Q9
A18: Vuoron päättymisaika | B18: HKL | C18: Aikaa jäljellä (h) | D18: keräystunnit jäljellä | F18: Vuoron päättymisaika | G18: HKL | H18: Aikaa jäljellä (h) | I18: keräystunnit jäljellä | K18: Kahvitauot HH:MM | L18: =L26*24/1440 -> 0 | M18: Kerättävä määrä ET + KT | N18: =B2+G2+L2+Q2+B16+G16 -> 0 | P18: KOKONAIS | Q18: =Q12+Q13+Q14+Q15+Q16+Q17 -> 0 | R18: KOKONAIS | S18: =L28 -> 0
A19: =TODAY()+TIME(11,0,0) -> 46322.458 | B19: 0 | C19: =A19-D27 -> 0.043700231 | D19: =B19*C19 -> 0 | F19: =TODAY()+TIME(11,0,0) -> 46322.458 | G19: 0 | H19: =F19-I27 -> 0.043700231 | I19: =G19*H19 -> 0 | K19: Vuoron päättymisaika | L19: HKL ET | M19: Keräysteho kpl/h ET + KT | N19: =(B3*B10+G3*G10+L3*L10+Q3*Q6+B17*B24+G17*G24)/ (B10+G10+L10+Q6+B24+G24) -> #VALUE! | P19: Arvioitu aika | R19: Kierroksia
A20: =TODAY()+TIME(12,0,0) -> 46322.5 | B20: 0 | C20: =A20-D27 -> 0.085366898 | D20: =B20*C20 -> 0 | F20: =TODAY()+TIME(12,0,0) -> 46322.5 | G20: 0 | H20: =F20-I27 -> 0.085366898 | I20: =G20*H20 -> 0 | K20: =TODAY()+TIME(11,0,0) -> 46322.458 | L20: =G19+B19+B5+G5+L5 -> 0 | M20: =K20-L25 -> 0.043700231 | N20: =L20*M20 -> 0 | P20: LAATIKOITA JÄLJELLÄ | R20: KIERROKSIA JÄLJELLÄ
A21: =TODAY()+TIME(13,0,0) -> 46322.542 | B21: 0 | C21: =A21-D27 -> 0.12703356 | D21: =B21*C21 -> 0 | F21: =TODAY()+TIME(13,0,0) -> 46322.542 | G21: 0 | H21: =F21-I27 -> 0.12703356 | I21: =G21*H21 -> 0 | K21: =TODAY()+TIME(12,0,0) -> 46322.5 | L21: =G20+B20+B6+G6+L6 -> 0 | M21: =K21-L25 -> 0.085366898 | N21: =L21*M21 -> 0 | P21: XL MASSA | Q21: 0 | R21: KIERROKSIA | S21: =Q21/25 -> 0
A22: =TODAY()+TIME(14,0,0) -> 46322.583 | B22: 0 | C22: =A22-D27 -> 0.16870023 | D22: =B22*C22 -> 0 | F22: =TODAY()+TIME(14,0,0) -> 46322.583 | G22: 0 | H22: =F22-I27 -> 0.16870023 | I22: =G22*H22 -> 0 | K22: =TODAY()+TIME(13,0,0) -> 46322.542 | L22: =G21+B21+B7+G7+L7 -> 0 | M22: =K22-L25 -> 0.12703356 | N22: =L22*M22 -> 0 | P22: MASSA | Q22: 0 | R22: KIERROKSIA | S22: =B32 -> 0 | T22: 47
A23: =TODAY()+TIME(15,0,0) -> 46322.625 | B23: 0 | C23: =A23-D27 -> 0.2103669 | D23: =B23*C23 -> 0 | F23: =TODAY()+TIME(15,0,0) -> 46322.625 | G23: 0 | H23: =F23-I27 -> 0.2103669 | I23: =G23*H23 -> 0 | K23: =TODAY()+TIME(14,0,0) -> 46322.583 | L23: =G22+B22+B8+G8+L8 -> 0 | M23: =K23-L25 -> 0.16870023 | N23: =L23*M23 -> 0 | P23: KAUPPA | Q23: 0 | R23: KIERROKSIA | S23: =G32 -> 0
A24: Kokonaistyötunnit (Jäljellä) | B24: =D23+D22+D21+D20+D19 -> 0 | C24: Kerääjät / yht | D24: =B23+B22+B21+B20+B19 -> 0 | F24: Kokonaistyötunnit (Jäljellä) | G24: =I23+I22+I21+I20+I19 -> 0 | H24: Kerääjät / yht | I24: =G23+G22+G21+G20+G19 -> 0 | K24: =TODAY()+TIME(15,0,0) -> 46322.625 | L24: =G23+B23+B9+G9+L9 -> 0 | M24: =K24-L25 -> 0.2103669 | N24: =L24*M24 -> 0 | P24: PAKASTE | Q24: 0 | R24: PSS | S24: -
A25: Tuotteita / kerääjä | B25: =B16/(B20+B21+B22+B23) -> #DIV/0! | F25: Tuotteita / kerääjä | G25: =G16/(G20+G21+G22+G23) -> #DIV/0! | K25: Nykyinen aika | L25: =NOW() -> 46322.415 | M25: Ylim. Työaika | N25: =IF(AA25<0,"-","")&INT(ROUND(ABS(AA25)*1440,0)/60)&":"&TEXT(MOD(ROUND(ABS(AA25)*1440,0),60),"00") -> 0:00 | P25: LÄMMIN AUTO | Q25: 0 | R25: RULLAKOITA | S25: =B38 -> 0 | AA25: =N28-IFERROR((B2/B3+G2/G3+L2/L3+B16/B17+G16/G17)/24,0)+L17/24 -> 0
A26: Arvioitu kesto (Tunnit) | B26: =B16/(B17*(B20+B21+B22+B23+B19))/24 -> #DIV/0! | F26: Arvioitu kesto (Tunnit) | G26: =G16/(G17*(G20+G21+G22+G23+G19))/24 -> #DIV/0! | K26: Kerääjät / yht | L26: =L24+L23+L22+L21+L20 -> 0 | M26: Ylim. Työaika - tauko | N26: =IF(AA26<0,"-","")&INT(ROUND(ABS(AA26)*1440,0)/60)&":"&TEXT(MOD(ROUND(ABS(AA26)*1440,0),60),"00") -> 0:00 | P26: KYLMÄ AUTO | Q26: 0 | R26: RULLAKOITA | S26: =D38 -> 0 | AA26: =AA25-L18 -> 0
A27: Arvioitu valmistuminen | B27: =IFERROR(D27+B26+IF(B16>=5000,TIME(0,24,0),0),"") | C27: Nykyinen aika | D27: =NOW() -> 46322.415 | F27: Arvioitu valmistuminen | G27: =IFERROR(I27+G26+IF(G16>=5000,TIME(0,24,0),0),"") | H27: Nykyinen aika | I27: =NOW() -> 46322.415 | K27: Tuotteita / kerääjä | L27: =N17/(L21+L22+L23+L24) -> #DIV/0! | M27: Ylim. Työaika - keskiarvo | N27: =ABS(AA26+AA25)/2 -> 0 | P27: KÄYTTÖTAVARA | Q27: 0 | R27: KIERROKSIA | S27: =L39 -> 0
K28: Arvioitu valmistuminen | L28: =MAX(IFERROR(B27*1,0),IFERROR(G27*1,0),IFERROR(L13*1,0),IFERROR(G13*1,0),IFERROR(B13*1,0),IFERROR(Q9*1,0)) -> 0 | M28: Kokonaistyötunnit (Jäljellä) | N28: =N21+N22+N23+N24+N20 -> 0 | P28: KOKONAIS | Q28: =B31+D31+L34+L38+D37+B37 -> 0 | R28: KOKONAIS | S28: =S27+S26+S25+S23+S22+S21 -> 0
A29: MASSA | F29: KAUPPA | K29: Arvioitu valm. + tauko | L29: =L28+(L18/24) -> 0 | M29: Tarvittavat työtunnit | N29: =N17/L16/24 -> #DIV/0! | P29: ~ Per kerääjä | Q29: =Q28/L26 -> #DIV/0! | R29: ~ Per kerääjä | S29: =S28/L26 -> #DIV/0!
A30: Tuotteita | B30: =B2 -> 0 | C30: Kerääjät / yht | D30: =D10 -> 0 | F30: Tuotteita | G30: =G2 -> 0 | H30: Kerääjät / yht | I30: =I10 -> 0 | K30: Arvioitu valm. keskiarvo | L30: =AVERAGE(L28,L29) -> 0 | M30: Arvioitu kesto HH:MM | N30: =MAX(IFERROR(B26*1,0),IFERROR(G26*1,0),IFERROR(L12*1,0),IFERROR(G12*1,0),IFERROR(B12*1,0),IFERROR(Q8*1,0)) -> 0
A31: Laatikoita | B31: =Q22 -> 0 | F31: Laatikoita | G31: =Q23 -> 0 | P31: RULLAKOITA / LAATIKOITA | R31: PER KERÄÄJÄ
A32: Kierroksia | B32: =B31/9 -> 0 | F32: Kierroksia | G32: =G31/9 -> 0 | K32: PAKASTE | P32: MASSA | R32: KIERROKSIA | S32: =S22/D10 -> #DIV/0!
A33: Kierroksia/kerääjä | B33: =B32/D10 -> #DIV/0! | F33: Kierroksia/kerääjä | G33: =G32/I10 -> #DIV/0! | K33: Tuotteita | L33: =L2 -> 0 | M33: Kerääjät / yht | N33: =N10 -> 0 | P33: KAUPPA | R33: KIERROKSIA | S33: =S23/I10 -> #DIV/0!
K34: Pss/laatikoita | L34: =Q24 -> 0 | M34: ~ Per kerääjä | N34: =L34/N10 -> #DIV/0! | P34: PAKASTE | R34: ~ PER KERÄÄJÄ | S34: =N34 -> #DIV/0!
A35: LÄMMIN AUTO | F35: KYLMÄ AUTO | P35: LÄMMIN AUTO | R35: RULLAKOITA | S35: =S25/D24 -> #DIV/0!
A36: Tuotteita | B36: =B16 -> 0 | C36: Kerääjät / yht | D36: =D16 -> 0 | F36: Tuotteita | G36: =G16 -> 0 | H36: Kerääjät / yht | I36: =I16 -> 0 | K36: KÄYTTÖTAVARA | P36: KYLMÄ AUTO | R36: RULLAKOITA | S36: =S26/I24 -> #DIV/0!
A37: Laatikoita | B37: =Q25 -> 0 | F37: Laatikoita | G37: =Q26 -> 0 | K37: Tuotteita | L37: =Q2 -> 0 | M37: Kerääjät / yht | N37: =S6 -> 0 | P37: KÄYTTÖTAVARA | R37: KIERROKSIA | S37: =S27/S6 -> #DIV/0!
A38: Rullakoita | B38: =B37/10 -> 0 | F38: Rullakoita | G38: =G37/10 -> 0 | K38: Laatikoita | L38: =Q27 -> 0 | P38: =NOW() -> 46322.415 | Q38: ↻ | R38: =I27 -> 46322.415
A39: Rullakoita/kerääjä | B39: =B38/D24 -> #DIV/0! | F39: Rullakoita/kerääjä | G39: =G38/I24 -> #DIV/0! | K39: Kierroksia | L39: =L38/16 -> 0 | M39: Kierroksia/kerääjä | N39: =L39/N37 -> #DIV/0!
P47: Nykyinen aika
Q65: 4

Sheet EN
A1: MANUAL | F1: INSTORE | K1: FROZEN | P1: NON-FOOD INSTORE
A2: Items to pick | B2: =Q12 -> 0 | F2: Items to pick | G2: =Q13 -> 0 | K2: Items to pick | L2: =Q14 -> 0 | P2: Items to pick | Q2: =Q17 -> 0
A3: Picking Rate pcs/h | B3: ='Keräysteho kplh'!B2 -> 178 | F3: Picking Rate pcs/h | G3: ='Keräysteho kplh'!B3 -> 74 | K3: Picking Rate pcs/h | L3: ='Keräysteho kplh'!B4 -> 117 | P3: Picking Rate pcs/h | Q3: ='Keräysteho kplh'!B7 -> 30
A4: Shift End Time | B4: HC | C4: Time Remaining (H) | D4: Hours Remaining | F4: Shift End Time | G4: HC | H4: Time Remaining (H) | I4: Hours Remaining | K4: Shift End Time | L4: HC | M4: Time Remaining (H) | N4: Hours Remaining | P4: Shift End Time | Q4: HC | R4: Time Remaining (H) | S4: Hours Remaining
A5: =TODAY()+TIME(11,0,0) -> 46322.458 | B5: 0 | C5: =A5-D13 -> 0.043700231 | D5: =B5*C5 -> 0 | F5: =TODAY()+TIME(11,0,0) -> 46322.458 | G5: 0 | H5: =F5-I13 -> 0.043700231 | I5: =G5*H5 -> 0 | K5: =TODAY()+TIME(11,0,0) -> 46322.458 | L5: 0 | M5: =K5-N13 -> 0.043700231 | N5: =L5*M5 -> 0 | P5: =S17 | Q5: 0 | R5: =P5-L25 -> #VALUE! | S5: =R5*Q5 -> #VALUE!
A6: =TODAY()+TIME(12,0,0) -> 46322.5 | B6: 0 | C6: =A6-D13 -> 0.085366898 | D6: =B6*C6 -> 0 | F6: =TODAY()+TIME(12,0,0) -> 46322.5 | G6: 0 | H6: =F6-I13 -> 0.085366898 | I6: =G6*H6 -> 0 | K6: =TODAY()+TIME(12,0,0) -> 46322.5 | L6: 0 | M6: =K6-N13 -> 0.085366898 | N6: =L6*M6 -> 0 | P6: Total Hours Remaining | Q6: =S5 -> #VALUE! | R6: Total Pickers | S6: =Q5 -> 0
A7: =TODAY()+TIME(13,0,0) -> 46322.542 | B7: 0 | C7: =A7-D13 -> 0.12703356 | D7: =B7*C7 -> 0 | F7: =TODAY()+TIME(13,0,0) -> 46322.542 | G7: 0 | H7: =F7-I13 -> 0.12703356 | I7: =G7*H7 -> 0 | K7: =TODAY()+TIME(13,0,0) -> 46322.542 | L7: 0 | M7: =K7-N13 -> 0.12703356 | N7: =L7*M7 -> 0 | P7: Items per Picker | Q7: =Q2/(Q5) -> #DIV/0!
A8: =TODAY()+TIME(14,0,0) -> 46322.583 | B8: 0 | C8: =A8-D13 -> 0.16870023 | D8: =B8*C8 -> 0 | F8: =TODAY()+TIME(14,0,0) -> 46322.583 | G8: 0 | H8: =F8-I13 -> 0.16870023 | I8: =G8*H8 -> 0 | K8: =TODAY()+TIME(14,0,0) -> 46322.583 | L8: 0 | M8: =K8-N13 -> 0.16870023 | N8: =L8*M8 -> 0 | P8: Estimated durarion (H) | Q8: =Q2/(Q3*(Q5))/24 -> #DIV/0!
A9: =TODAY()+TIME(15,0,0) -> 46322.625 | B9: 0 | C9: =A9-D13 -> 0.2103669 | D9: =B9*C9 -> 0 | F9: =TODAY()+TIME(15,0,0) -> 46322.625 | G9: 0 | H9: =F9-I13 -> 0.2103669 | I9: =G9*H9 -> 0 | K9: =TODAY()+TIME(15,0,0) -> 46322.625 | L9: 0 | M9: =K9-N13 -> 0.2103669 | N9: =L9*M9 -> 0 | P9: Estimated Completion | Q9: =IFERROR(L25+Q8+IF(Q2>=400,TIME(0,24,0),0),"")
A10: Total Hours Remaining | B10: =D5+D6+D7+D8+D9 -> 0 | C10: Total Pickers | D10: =B9+B8+B7+B6+B5 -> 0 | F10: Total Hours Remaining | G10: =I5+I6+I7+I8+I9 -> 0 | H10: Total Pickers | I10: =G9+G8+G7+G6+G5 -> 0 | K10: Total Hours Remaining | L10: =N9+N8+N7+N6+N5 -> 0 | M10: Total Pickers | N10: =L9+L8+L7+L6+L5 -> 0
A11: Items per Picker | B11: =B2/(B6+B7+B8+B9) -> #DIV/0! | F11: Items per Picker | G11: =G2/(G6+G7+G8+G9) -> #DIV/0! | K11: Items per Picker | L11: =L2/(L6+L7+L8+L9) -> #DIV/0! | P11: PICKING VOLUME | R11: ESTIMATED COMPLETION
A12: Estimated durarion (H) | B12: =B2/(B3*(B6+B7+B8+B9+B5))/24 -> #DIV/0! | F12: Estimated durarion (H) | G12: =G2/(G3*(G6+G7+G8+G9+G5))/24 -> #DIV/0! | K12: Estimated durarion (H) | L12: =L2/(L3*(L6+L7+L8+L9+L5))/24 -> #DIV/0! | P12: MANUAL | Q12: 0 | R12: MANUAL | S12: =B13
A13: Estimated Completion | B13: =IFERROR(D13+B12+IF(B2>=3000,TIME(0,24,0),0),"") | C13: Current Time | D13: =NOW() -> 46322.415 | F13: Estimated Completion | G13: =IFERROR(I13+G12+IF(G2>=1500,TIME(0,24,0),0),"") | H13: Current Time | I13: =NOW() -> 46322.415 | K13: Estimated Completion | L13: =IFERROR(N13+L12+IF(L2>=400,TIME(0,24,0),0),"") | M13: Current Time | N13: =NOW() -> 46322.415 | P13: INSTORE | Q13: 0 | R13: INSTORE | S13: =G13
P14: FROZEN | Q14: 0 | R14: FROZEN | S14: =L13
A15: AMBIENT GTP | F15: CHILLED GTP | K15: Add hours required | L15: =N29-N28-(L17/24) -> #DIV/0! | M15: Add Hour Capacity | N15: =N16+(L16*L17) -> #DIV/0! | P15: AMBIENT GTP | Q15: 0 | R15: AMBIENT GTP | S15: =B27 | AB15: =IFERROR(((N17-N16)/L16)/24,0)+IF(AA26<0,-AA26,0) -> 0
A16: Items to pick | B16: =Q15 -> 0 | F16: Items to pick | G16: =Q16 -> 0 | K16: Picking Rate pcs/h ET | L16: =(B3*B10+G3*G10+L3*L10+B17*B24+G17*G24)/ (B10+G10+L10+B24+G24) -> #DIV/0! | M16: Picking Capacity | N16: =L16*N28*24 -> #DIV/0! | P16: CHILLED GTP | Q16: 0 | R16: CHILLED GTP | S16: =G27
A17: Picking Rate pcs/h | B17: ='Keräysteho kplh'!B5 -> 438 | F17: Picking Rate pcs/h | G17: ='Keräysteho kplh'!B6 -> 400 | K17: Add Hours | M17: Picking Volume ET | N17: =B2+G2+L2+B16+G16 -> 0 | P17: NON-FOOD INSTORE | Q17: 0 | R17: NON-FOOD INSTORE | S17: =Q9
A18: Shift End Time | B18: HC | C18: Time Remaining (H) | D18: Hours Remaining | F18: Shift End Time | G18: HC | H18: Time Remaining (H) | I18: Hours Remaining | K18: Breaks HH:MM | L18: =L26*24/1440 -> 0 | M18: Picking volume ET + KT | N18: =B2+G2+L2+Q2+B16+G16 -> 0 | P18: TOTAL | Q18: =Q12+Q13+Q14+Q15+Q16+Q17 -> 0 | R18: TOTAL | S18: =L28 -> 0
A19: =TODAY()+TIME(11,0,0) -> 46322.458 | B19: 0 | C19: =A19-D27 -> 0.043700231 | D19: =B19*C19 -> 0 | F19: =TODAY()+TIME(11,0,0) -> 46322.458 | G19: 0 | H19: =F19-I27 -> 0.043700231 | I19: =G19*H19 -> 0 | K19: Shift End Time | L19: HC ET | M19: Picking Rate pcs/h ET + KT | N19: =(B3*B10+G3*G10+L3*L10+Q3*Q6+B17*B24+G17*G24)/ (B10+G10+L10+Q6+B24+G24) -> #VALUE! | P19: Arvioitu aika | R19: Kierroksia
A20: =TODAY()+TIME(12,0,0) -> 46322.5 | B20: 0 | C20: =A20-D27 -> 0.085366898 | D20: =B20*C20 -> 0 | F20: =TODAY()+TIME(12,0,0) -> 46322.5 | G20: 0 | H20: =F20-I27 -> 0.085366898 | I20: =G20*H20 -> 0 | K20: =TODAY()+TIME(11,0,0) -> 46322.458 | L20: =G19+B19+B5+G5+L5 -> 0 | M20: =K20-L25 -> 0.043700231 | N20: =L20*M20 -> 0 | P20: TMs Left | R20: Rounds Left
A21: =TODAY()+TIME(13,0,0) -> 46322.542 | B21: 0 | C21: =A21-D27 -> 0.12703356 | D21: =B21*C21 -> 0 | F21: =TODAY()+TIME(13,0,0) -> 46322.542 | G21: 0 | H21: =F21-I27 -> 0.12703356 | I21: =G21*H21 -> 0 | K21: =TODAY()+TIME(12,0,0) -> 46322.5 | L21: =G20+B20+B6+G6+L6 -> 0 | M21: =K21-L25 -> 0.085366898 | N21: =L21*M21 -> 0 | P21: XL MANUAL | Q21: 0 | R21: ROUNDS | S21: =Q21/25 -> 0
A22: =TODAY()+TIME(14,0,0) -> 46322.583 | B22: 0 | C22: =A22-D27 -> 0.16870023 | D22: =B22*C22 -> 0 | F22: =TODAY()+TIME(14,0,0) -> 46322.583 | G22: 0 | H22: =F22-I27 -> 0.16870023 | I22: =G22*H22 -> 0 | K22: =TODAY()+TIME(13,0,0) -> 46322.542 | L22: =G21+B21+B7+G7+L7 -> 0 | M22: =K22-L25 -> 0.12703356 | N22: =L22*M22 -> 0 | P22: MANUAL | Q22: 0 | R22: ROUNDS | S22: =B32 -> 0 | T22: 47
A23: =TODAY()+TIME(15,0,0) -> 46322.625 | B23: 0 | C23: =A23-D27 -> 0.2103669 | D23: =B23*C23 -> 0 | F23: =TODAY()+TIME(15,0,0) -> 46322.625 | G23: 0 | H23: =F23-I27 -> 0.2103669 | I23: =G23*H23 -> 0 | K23: =TODAY()+TIME(14,0,0) -> 46322.583 | L23: =G22+B22+B8+G8+L8 -> 0 | M23: =K23-L25 -> 0.16870023 | N23: =L23*M23 -> 0 | P23: INSTORE | Q23: 0 | R23: ROUNDS | S23: =G32 -> 0
A24: Total Hours Remaining | B24: =D23+D22+D21+D20+D19 -> 0 | C24: Total Pickers | D24: =B23+B22+B21+B20+B19 -> 0 | F24: Total Hours Remaining | G24: =I23+I22+I21+I20+I19 -> 0 | H24: Total Pickers | I24: =G23+G22+G21+G20+G19 -> 0 | K24: =TODAY()+TIME(15,0,0) -> 46322.625 | L24: =G23+B23+B9+G9+L9 -> 0 | M24: =K24-L25 -> 0.2103669 | N24: =L24*M24 -> 0 | P24: FROZEN | Q24: 0 | R24: BAGS | S24: -
A25: Items per Picker | B25: =B16/(B20+B21+B22+B23) -> #DIV/0! | F25: Items per Picker | G25: =G16/(G20+G21+G22+G23) -> #DIV/0! | K25: Current Time | L25: =NOW() -> 46322.415 | M25: Excess Work Time | N25: =IF(AA25<0,"-","")&INT(ROUND(ABS(AA25)*1440,0)/60)&":"&TEXT(MOD(ROUND(ABS(AA25)*1440,0),60),"00") -> 0:00 | P25: AMBIENT GTP | Q25: 0 | R25: TROLLEYS | S25: =B38 -> 0 | AA25: =N28-IFERROR((B2/B3+G2/G3+L2/L3+B16/B17+G16/G17)/24,0)+L17/24 -> 0
A26: Estimated durarion (H) | B26: =B16/(B17*(B20+B21+B22+B23+B19))/24 -> #DIV/0! | F26: Estimated durarion (H) | G26: =G16/(G17*(G20+G21+G22+G23+G19))/24 -> #DIV/0! | K26: Total Pickers | L26: =L24+L23+L22+L21+L20 -> 0 | M26: Excess Work Time - Breaks | N26: =IF(AA26<0,"-","")&INT(ROUND(ABS(AA26)*1440,0)/60)&":"&TEXT(MOD(ROUND(ABS(AA26)*1440,0),60),"00") -> 0:00 | P26: CHILLED GTP | Q26: 0 | R26: TROLLEYS | S26: =D38 -> 0 | AA26: =AA25-L18 -> 0
A27: Estimated Completion | B27: =IFERROR(D27+B26+IF(B16>=5000,TIME(0,24,0),0),"") | C27: Current Time | D27: =NOW() -> 46322.415 | F27: Estimated Completion | G27: =IFERROR(I27+G26+IF(G16>=5000,TIME(0,24,0),0),"") | H27: Current Time | I27: =NOW() -> 46322.415 | K27: Items per Picker | L27: =N17/(L21+L22+L23+L24) -> #DIV/0! | M27: Excess Work Time - Avg. | N27: =ABS(AA26+AA25)/2 -> 0 | P27: NON-FOOD INSTORE | Q27: 0 | R27: TROLLEYS | S27: =L39 -> 0
K28: Estimated Complation | L28: =MAX(IFERROR(B27*1,0),IFERROR(G27*1,0),IFERROR(L13*1,0),IFERROR(G13*1,0),IFERROR(B13*1,0),IFERROR(Q9*1,0)) -> 0 | M28: Total Work Hous Rem. | N28: =N21+N22+N23+N24+N20 -> 0 | P28: TOTAL | Q28: =B31+D31+L34+L38+D37+B37 -> 0 | R28: Total Pickers | S28: =S27+S26+S25+S23+S22+S21 -> 0
A29: MANUAL | F29: INSTORE | K29: Est. Completion + Breaks | L29: =L28+(L18/24) -> 0 | M29: Required Work Hours | N29: =N17/L16/24 -> #DIV/0! | P29: ~ Per Picker | Q29: =Q28/L26 -> #DIV/0! | R29: ~ Per Picker | S29: =S28/L26 -> #DIV/0!
A30: Items | B30: =B2 -> 0 | C30: Total Pickers | D30: =D10 -> 0 | F30: Items | G30: =G2 -> 0 | H30: Total Pickers | I30: =I10 -> 0 | K30: Est Completion Avg. | L30: =AVERAGE(L28,L29) -> 0 | M30: Est. Duration HH:MM | N30: =MAX(IFERROR(B26*1,0),IFERROR(G26*1,0),IFERROR(L12*1,0),IFERROR(G12*1,0),IFERROR(B12*1,0),IFERROR(Q8*1,0)) -> 0
A31: TMs | B31: =Q22 -> 0 | F31: TMs | G31: =Q23 -> 0 | P31: TMs Left | R31: Rounds Left
A32: Picking Rounds | B32: =B31/9 -> 0 | F32: Picking Rounds | G32: =G31/9 -> 0 | K32: FROZEN | P32: MANUAL | R32: ROUNDS | S32: =S22/D10 -> #DIV/0!
A33: Picking Rounds / Person | B33: =B32/D10 -> #DIV/0! | F33: Picking Rounds / Person | G33: =G32/I10 -> #DIV/0! | K33: Items | L33: =L2 -> 0 | M33: Total Pickers | N33: =N10 -> 0 | P33: INSTORE | R33: ROUNDS | S33: =S23/I10 -> #DIV/0!
K34: Totes | L34: =Q24 -> 0 | M34: Picking Rounds / Person | N34: =L34/N10 -> #DIV/0! | P34: FROZEN | R34: BAGS | S34: =N34 -> #DIV/0!
A35: AMBIENT GTP | F35: CHILLED GTP | P35: AMBIENT GTP | R35: TROLLEYS | S35: =S25/D24 -> #DIV/0!
A36: Items | B36: =B16 -> 0 | C36: Total Pickers | D36: =D16 -> 0 | F36: Items | G36: =G16 -> 0 | H36: Total Pickers | I36: =I16 -> 0 | K36: NON-FOOD INSTORE | P36: CHILLED GTP | R36: TROLLEYS | S36: =S26/I24 -> #DIV/0!
A37: TMs | B37: =Q25 -> 0 | F37: TMs | G37: =Q26 -> 0 | K37: Items | L37: =Q2 -> 0 | M37: Total Pickers | N37: =S6 -> 0 | P37: NON-FOOD INSTORE | R37: TROLLEYS | S37: =S27/S6 -> #DIV/0!
A38: Picking Rounds | B38: =B37/10 -> 0 | F38: Picking Rounds | G38: =G37/10 -> 0 | K38: TMs | L38: =Q27 -> 0 | P38: =NOW() -> 46322.415 | Q38: ↻ | R38: =I27 -> 46322.415
A39: Picking Rounds / Person | B39: =B38/D24 -> #DIV/0! | F39: Picking Rounds / Person | G39: =G38/I24 -> #DIV/0! | K39: Picking Rounds | L39: =L38/16 -> 0 | M39: Picking Rounds / Person | N39: =L39/N37 -> #DIV/0!
P47: Nykyinen aika
Q65: 4

Sheet Keräysteho kplh
A1: Keräysteho kpl/h
A2: MASSA | B2: 178 | C2: 48
A3: KAUPPA | B3: 74
A4: PAKASTE | B4: 117
A5: LÄMMIN AUTO | B5: 438
A6: KYLMÄ AUTO | B6: 400 | C6: 384
A7: KÄYTTÖTAVARA | B7: 30

Sheet Tehtävälista
A2: PVM | B2: 46322 | E2: MASSA | I2: LÄMMIN AUTO | N2: KERÄYSVASTAAVA | Q2: KUORMAT
E3: NIMI | F3: ALKAA | G3: LOPPUU | I3: AAMU | J3: NIMI | K3: ALKAA | L3: LOPPUU | N3: Jesse | Q3: NRO | R3: AIKA | S3: AUTO
A4: KAUPPA | E4: Juri | F4: 0.25 | G4: 0.5 | J4: Elina | K4: 0.33333333 | L4: 0.58333333 | Q4: 806 | R4: 0.32291667 | S4: HUH 6
A5: NIMI | B5: ALKAA | C5: LOPPUU | E5: Matias | F5: 0.25 | G5: 0.5 | J5: Venla | K5: 0.33333333 | L5: 0.58333333 | N5: KYLMIÖN VASTAAVA | Q5: 808 | R5: 0.32291667 | S5: HUH 5
E6: Veera S | F6: 0.25 | G6: 0.5 | J6: Veera Var | K6: 0.33333333 | L6: 0.54166667 | N6: Nea | Q6: 807 | R6: 0.32986111 | S6: HUH 7
A7: Pia | B7: 0.25 | C7: 0.54166667 | E7: Emma | F7: 0.25 | G7: 0.5 | I7: TAUOTTAJA | Q7: 801 | R7: 0.35763889 | S7: HUH 1
A8: Kaisa | B8: 0.25 | C8: 0.5 | E8: Sara | F8: 0.25 | G8: 0.5 | N8: KASSAUS | Q8: 804 | R8: 0.37152778 | S8: Priima 7
A9: Arttu | B9: 0.25 | C9: 0.5 | E9: Sofie | F9: 0.25 | G9: 0.54166667 | I9: KYLMÄ AUTO | N9: AAMU | Q9: 809 | R9: 0.37152778 | S9: HUH 8
A10: Petra | B10: 0.25 | C10: 0.5 | E10: Olivia J | F10: 0.25 | G10: 0.54166667 | I10: AAMU | J10: NIMI | K10: ALKAA | L10: LOPPUU | N10: Mira | Q10: 810 | R10: 0.37152778 | S10: Priima 9
A11: Lumikki | B11: 0.25 | C11: 0.5 | E11: Mia | F11: 0.25 | G11: 0.5 | J11: Meri K | K11: 0.33333333 | L11: 0.625 | N11: Teresa | Q11: 802 | R11: 0.38194444 | S11: HUH 2
A12: Roosa | B12: 0.25 | C12: 0.5 | J12: Saara K | K12: 0.33333333 | L12: 0.625 | Q12: 805 | R12: 0.38541667 | S12: HUH 4
A13: Meri L | B13: 0.25 | C13: 0.5 | I13: TAUOTTAJA | N13: ILTA | Q13: 803 | R13: 0.43055556 | S13: HUH 3
A14: Taina | B14: 0.25 | C14: 0.5 | N14: Julia
I15: YHDISTELY / ILTA | K15: ALKAA | L15: LOPPUU
I16: Nea | K16: 0.25 | L16: 0.58333333 | Q16: 821 | R16: 0.54166667 | S16: Priima 8
I17: Silja | K17: 0.25 | L17: 0.54166667 | Q17: 844 | R17: 0.5625 | S17: HUH 6
I18: Jyrki | K18: 0.29166667 | L18: 0.58333333 | N18: PUUTEKERÄYS 07:15-08:15 | Q18: 822 | R18: 0.57638889 | S18: HUH 10
I19: Niki | K19: 0.29166667 | L19: 0.54166667 | N19: Meri L | Q19: 831 | R19: 0.59027778 | S19: HUH 1
I20: Viljami | K20: 0.33333333 | L20: 0.58333333 | Q20: 836 | R20: 0.59722222 | S20: HUH 7
E21: 07:00 / 08:00 | F21: ALKAA | G21: LOPPUU | I21: Julia | K21: 0.5 | L21: 0.79166667 | Q21: 832 | R21: 0.60069444 | S21: HUH 5
E22: Valtteri | F22: 0.29166667 | G22: 0.58333333 | I22: Ossi | K22: 0.59375 | L22: 0.88541667 | N22: LAATIKONMUODOSTAJA | Q22: 843 | R22: 0.61111111 | S22: HUH 2
Q23: 837 | R23: 0.61458333 | S23: Priima 9
Q24: 838 | R24: 0.61458333 | S24: HUH 4
Q25: 834 | R25: 0.61805556 | S25: Priima ?
I26: LÄMMIN KUORMA | N26: INFO | Q26: 833 | R26: 0.625 | S26: Priima 7
A27: 07:00 / 08:00 | B27: ALKAA | C27: LOPPUU | I27: NIMI | K27: ALKAA | L27: LOPPUU | Q27: 839 | R27: 0.63194444 | S27: HUH 3
A28: Haval | B28: 0.33333333 | C28: 0.58333333 | I28: Evelin | K28: 0.22916667 | L28: 0.5625 | Q28: 840 | R28: 0.63888889 | S28: HUH 8
A29: Sampo | B29: 0.33333333 | C29: 0.58333333 | I29: Silja | K29: 0.25 | L29: 0.54166667 | Q29: 835 | R29: 0.65972222 | S29: HUH 9
E31: PAKASTE | F31: ALKAA | G31: LOPPUU
E32: Mira | F32: 0.25 | G32: 0.47916667 | I32: KYLMÄ KUORMA | K32: ALKAA | L32: LOPPUU
E33: Susanna | F33: 0.25 | G33: 0.54166667 | I33: Niina | K33: 0.20833333 | L33: 0.54166667
E34: Teresa | F34: 0.25 | G34: 0.54166667 | I34: Veera F | K34: 0.22916667 | L34: 0.52083333
I35: Elsa | K35: 0.25 | L35: 0.5
