Workbook

Sheet Vastaavat
A2: PVM | E2: MASSA | I2: LÄMMIN AUTO | N2: KERÄYSVASTAAVA
E3: NIMI | F3: ALKAA | G3: LOPPUU | I3: AAMU | J3: NIMI | K3: ALKAA | L3: LOPPUU
A4: KAUPPA
A5: NIMI | B5: ALKAA | C5: LOPPUU | N5: KYLMIÖN VASTAAVA
I7: TAUOTTAJA
N8: KASSAUS
I9: KYLMÄ AUTO | N9: AAMU
I10: AAMU | J10: NIMI | K10: ALKAA | L10: LOPPUU
I13: TAUOTTAJA | N13: ILTA
I15: YHDISTELY / ILTA | K15: ALKAA | L15: LOPPUU
N18: PUUTEKERÄYS 07:15-08:15
E21: 07:00 / 08:00 | F21: ALKAA | G21: LOPPUU
N22: LAATIKONMUODOSTAJA
I26: LÄMMIN KUORMA | N26: INFO
A27: 07:00 / 08:00 | B27: ALKAA | C27: LOPPUU | I27: NIMI | K27: ALKAA | L27: LOPPUU
E31: PAKASTE | F31: ALKAA | G31: LOPPUU
I32: KYLMÄ KUORMA | K32: ALKAA | L32: LOPPUU

Sheet Keräilijät
A2: PVM | B2: =IF(Vastaavat!B2="","",Vastaavat!B2) | E2: MASSA | I2: LÄMMIN AUTO | N2: KERÄYSVASTAAVA
E3: NIMI | F3: INFO | I3: AAMU | J3: NIMI | N3: =IF(Vastaavat!N3="","",Vastaavat!N3)
A4: KAUPPA | E4: =IF(Vastaavat!E4="","",Vastaavat!E4) | I4: =IF(Vastaavat!I4="","",Vastaavat!I4) | J4: =IF(Vastaavat!J4="","",Vastaavat!J4)
A5: NIMI | B5: INFO | E5: =IF(Vastaavat!E5="","",Vastaavat!E5) | I5: =IF(Vastaavat!I5="","",Vastaavat!I5) | J5: =IF(Vastaavat!J5="","",Vastaavat!J5) | N5: KYLMIÖN VASTAAVA
A6: =IF(Vastaavat!A6="","",Vastaavat!A6) | E6: =IF(Vastaavat!E6="","",Vastaavat!E6) | I6: =IF(Vastaavat!I6="","",Vastaavat!I6) | J6: =IF(Vastaavat!J6="","",Vastaavat!J6) | N6: =IF(Vastaavat!N6="","",Vastaavat!N6)
A7: =IF(Vastaavat!A7="","",Vastaavat!A7) | E7: =IF(Vastaavat!E7="","",Vastaavat!E7) | I7: TAUOTTAJA | J7: =IF(Vastaavat!J7="","",Vastaavat!J7)
A8: =IF(Vastaavat!A8="","",Vastaavat!A8) | E8: =IF(Vastaavat!E8="","",Vastaavat!E8)
A9: =IF(Vastaavat!A9="","",Vastaavat!A9) | E9: =IF(Vastaavat!E9="","",Vastaavat!E9) | I9: KYLMÄ AUTO
A10: =IF(Vastaavat!A10="","",Vastaavat!A10) | E10: =IF(Vastaavat!E10="","",Vastaavat!E10) | I10: AAMU | J10: NIMI
A11: =IF(Vastaavat!A11="","",Vastaavat!A11) | E11: =IF(Vastaavat!E11="","",Vastaavat!E11) | I11: =IF(Vastaavat!I11="","",Vastaavat!I11) | J11: =IF(Vastaavat!J11="","",Vastaavat!J11) | N11: KASSAUS
A12: =IF(Vastaavat!A12="","",Vastaavat!A12) | E12: =IF(Vastaavat!E12="","",Vastaavat!E12) | I12: =IF(Vastaavat!I12="","",Vastaavat!I12) | J12: =IF(Vastaavat!J12="","",Vastaavat!J12) | N12: AAMU
A13: =IF(Vastaavat!A13="","",Vastaavat!A13) | E13: =IF(Vastaavat!E13="","",Vastaavat!E13) | I13: TAUOTTAJA | J13: =IF(Vastaavat!J13="","",Vastaavat!J13) | N13: =IF(Vastaavat!N10="","",Vastaavat!N10)
A14: =IF(Vastaavat!A14="","",Vastaavat!A14) | E14: =IF(Vastaavat!E14="","",Vastaavat!E14) | N14: =IF(Vastaavat!N11="","",Vastaavat!N11)
A15: =IF(Vastaavat!A15="","",Vastaavat!A15) | E15: =IF(Vastaavat!E15="","",Vastaavat!E15) | I15: YHDISTELY / ILTA | N15: =IF(Vastaavat!N12="","",Vastaavat!N12)
A16: =IF(Vastaavat!A16="","",Vastaavat!A16) | E16: =IF(Vastaavat!E16="","",Vastaavat!E16) | I16: =IF(Vastaavat!I16="","",Vastaavat!I16) | N16: ILTA
A17: =IF(Vastaavat!A17="","",Vastaavat!A17) | E17: =IF(Vastaavat!E17="","",Vastaavat!E17) | I17: =IF(Vastaavat!I17="","",Vastaavat!I17) | N17: =IF(Vastaavat!N14="","",Vastaavat!N14)
A18: =IF(Vastaavat!A18="","",Vastaavat!A18) | E18: =IF(Vastaavat!E18="","",Vastaavat!E18) | I18: =IF(Vastaavat!I18="","",Vastaavat!I18) | N18: =IF(Vastaavat!N15="","",Vastaavat!N15)
A19: =IF(Vastaavat!A19="","",Vastaavat!A19) | E19: =IF(Vastaavat!E19="","",Vastaavat!E19) | I19: =IF(Vastaavat!I19="","",Vastaavat!I19) | N19: =IF(Vastaavat!N16="","",Vastaavat!N16)
A20: =IF(Vastaavat!A20="","",Vastaavat!A20) | E20: =IF(Vastaavat!E20="","",Vastaavat!E20) | I20: =IF(Vastaavat!I20="","",Vastaavat!I20)
A21: =IF(Vastaavat!A21="","",Vastaavat!A21) | E21: 07:00 / 08:00 | I21: =IF(Vastaavat!I21="","",Vastaavat!I21)
A22: =IF(Vastaavat!A22="","",Vastaavat!A22) | E22: =IF(Vastaavat!E22="","",Vastaavat!E22) | I22: =IF(Vastaavat!I22="","",Vastaavat!I22) | N22: LAATIKONMUODOSTAJA
A23: =IF(Vastaavat!A23="","",Vastaavat!A23) | E23: =IF(Vastaavat!E23="","",Vastaavat!E23) | I23: =IF(Vastaavat!I23="","",Vastaavat!I23) | N23: =IF(Vastaavat!N23="","",Vastaavat!N23)
A24: =IF(Vastaavat!A24="","",Vastaavat!A24) | E24: =IF(Vastaavat!E24="","",Vastaavat!E24) | I24: =IF(Vastaavat!I24="","",Vastaavat!I24) | N24: =IF(Vastaavat!N24="","",Vastaavat!N24)
A25: =IF(Vastaavat!A25="","",Vastaavat!A25) | E25: =IF(Vastaavat!E25="","",Vastaavat!E25)
A26: =IF(Vastaavat!A26="","",Vastaavat!A26) | E26: =IF(Vastaavat!E26="","",Vastaavat!E26) | I26: LÄMMIN KUORMA | N26: INFO
A27: 07:00 / 08:00 | E27: =IF(Vastaavat!E27="","",Vastaavat!E27) | I27: NIMI | N27: =IF(Vastaavat!N27="","",Vastaavat!N27)
A28: =IF(Vastaavat!A28="","",Vastaavat!A28) | E28: =IF(Vastaavat!E28="","",Vastaavat!E28) | I28: =IF(Vastaavat!I28="","",Vastaavat!I28)
A29: =IF(Vastaavat!A29="","",Vastaavat!A29) | E29: =IF(Vastaavat!E29="","",Vastaavat!E29) | I29: =IF(Vastaavat!I29="","",Vastaavat!I29)
A30: =IF(Vastaavat!A30="","",Vastaavat!A30) | I30: =IF(Vastaavat!I30="","",Vastaavat!I30)
A31: =IF(Vastaavat!A31="","",Vastaavat!A31) | E31: PAKASTE | I31: =IF(Vastaavat!I31="","",Vastaavat!I31)
A32: =IF(Vastaavat!A32="","",Vastaavat!A32) | E32: =IF(Vastaavat!E32="","",Vastaavat!E32) | I32: KYLMÄ KUORMA
A33: =IF(Vastaavat!A33="","",Vastaavat!A33) | E33: =IF(Vastaavat!E33="","",Vastaavat!E33) | I33: =IF(Vastaavat!I33="","",Vastaavat!I33)
A34: =IF(Vastaavat!A34="","",Vastaavat!A34) | E34: =IF(Vastaavat!E34="","",Vastaavat!E34) | I34: =IF(Vastaavat!I34="","",Vastaavat!I34)
A35: =IF(Vastaavat!A35="","",Vastaavat!A35) | E35: =IF(Vastaavat!E35="","",Vastaavat!E35) | I35: =IF(Vastaavat!I35="","",Vastaavat!I35)
